[
  {
    "REG_HCO_Account__c": {
      "value": "808623be-fa43-4554-b34e-e1e647d0bb24",
      "display": "808623be-fa43-4554-b34e-e1e647d0bb24",
      "dataType": "String",
      "label": "HCO Account"
    },
    "REG_Territory_Name__c": {
      "value": "Territory New York",
      "display": "Territory New York",
      "dataType": "String",
      "label": "Territory Name"
    },
    "REG_CW_Volume__c": {
      "value": 170,
      "display": "170.0",
      "dataType": "Decimal",
      "label": "CW Volume"
    },
    "REG_CW_Minus_1_Volume__c": {
      "value": 320,
      "display": "320.0",
      "dataType": "Decimal",
      "label": "CW Minus 1 Volume"
    },
    "REG_CW_Minus_2_Volume__c": {
      "value": 274,
      "display": "274.0",
      "dataType": "Decimal",
      "label": "CW Minus 2 Volume"
    },
    "REG_CW_Minus_3_Volume__c": {
      "value": 302,
      "display": "302.0",
      "dataType": "Decimal",
      "label": "CW Minus 3 Volume"
    },
    "REG_CW_Minus_4_Volume__c": {
      "value": 203,
      "display": "203.0",
      "dataType": "Decimal",
      "label": "CW Minus 4 Volume"
    },
    "REG_CW_Minus_5_Volume__c": {
      "value": 193,
      "display": "193.0",
      "dataType": "Decimal",
      "label": "CW Minus 5 Volume"
    },
    "REG_CW_Minus_6_Volume__c": {
      "value": 92,
      "display": "92.0",
      "dataType": "Decimal",
      "label": "CW Minus 6 Volume"
    },
    "REG_CW_Minus_7_Volume__c": {
      "value": 326,
      "display": "326.0",
      "dataType": "Decimal",
      "label": "CW Minus 7 Volume"
    },
    "REG_CW_Minus_8_Volume__c": {
      "value": 246,
      "display": "246.0",
      "dataType": "Decimal",
      "label": "CW Minus 8 Volume"
    },
    "REG_CW_Minus_9_Volume__c": {
      "value": 397,
      "display": "397.0",
      "dataType": "Decimal",
      "label": "CW Minus 9 Volume"
    },
    "REG_CW_Minus_10_Volume__c": {
      "value": 168,
      "display": "168.0",
      "dataType": "Decimal",
      "label": "CW Minus 10 Volume"
    },
    "REG_CW_Minus_11_Volume__c": {
      "value": 55,
      "display": "55.0",
      "dataType": "Decimal",
      "label": "CW Minus 11 Volume"
    },
    "REG_CW_Minus_12_Volume__c": {
      "value": 252,
      "display": "252.0",
      "dataType": "Decimal",
      "label": "CW Minus 12 Volume"
    }
  },
  {
    "REG_HCO_Account__c": {
      "value": "2e8c0e3c-4775-4b8e-8214-7f716062e60e",
      "display": "2e8c0e3c-4775-4b8e-8214-7f716062e60e",
      "dataType": "String",
      "label": "HCO Account"
    },
    "REG_Territory_Name__c": {
      "value": "Territory New York",
      "display": "Territory New York",
      "dataType": "String",
      "label": "Territory Name"
    },
    "REG_CW_Volume__c": {
      "value": 321,
      "display": "321.0",
      "dataType": "Decimal",
      "label": "CW Volume"
    },
    "REG_CW_Minus_1_Volume__c": {
      "value": 144,
      "display": "144.0",
      "dataType": "Decimal",
      "label": "CW Minus 1 Volume"
    },
    "REG_CW_Minus_2_Volume__c": {
      "value": 159,
      "display": "159.0",
      "dataType": "Decimal",
      "label": "CW Minus 2 Volume"
    },
    "REG_CW_Minus_3_Volume__c": {
      "value": 404,
      "display": "404.0",
      "dataType": "Decimal",
      "label": "CW Minus 3 Volume"
    },
    "REG_CW_Minus_4_Volume__c": {
      "value": 408,
      "display": "408.0",
      "dataType": "Decimal",
      "label": "CW Minus 4 Volume"
    },
    "REG_CW_Minus_5_Volume__c": {
      "value": 151,
      "display": "151.0",
      "dataType": "Decimal",
      "label": "CW Minus 5 Volume"
    },
    "REG_CW_Minus_6_Volume__c": {
      "value": 141,
      "display": "141.0",
      "dataType": "Decimal",
      "label": "CW Minus 6 Volume"
    },
    "REG_CW_Minus_7_Volume__c": {
      "value": 119,
      "display": "119.0",
      "dataType": "Decimal",
      "label": "CW Minus 7 Volume"
    },
    "REG_CW_Minus_8_Volume__c": {
      "value": 34,
      "display": "34.0",
      "dataType": "Decimal",
      "label": "CW Minus 8 Volume"
    },
    "REG_CW_Minus_9_Volume__c": {
      "value": 436,
      "display": "436.0",
      "dataType": "Decimal",
      "label": "CW Minus 9 Volume"
    },
    "REG_CW_Minus_10_Volume__c": {
      "value": 3,
      "display": "3.0",
      "dataType": "Decimal",
      "label": "CW Minus 10 Volume"
    },
    "REG_CW_Minus_11_Volume__c": {
      "value": 315,
      "display": "315.0",
      "dataType": "Decimal",
      "label": "CW Minus 11 Volume"
    },
    "REG_CW_Minus_12_Volume__c": {
      "value": 52,
      "display": "52.0",
      "dataType": "Decimal",
      "label": "CW Minus 12 Volume"
    }
  },
  {
    "REG_HCO_Account__c": {
      "value": "9e236184-de2c-40fc-bcaa-8b0324a2e183",
      "display": "9e236184-de2c-40fc-bcaa-8b0324a2e183",
      "dataType": "String",
      "label": "HCO Account"
    },
    "REG_Territory_Name__c": {
      "value": "Territory New York",
      "display": "Territory New York",
      "dataType": "String",
      "label": "Territory Name"
    },
    "REG_CW_Volume__c": {
      "value": 469,
      "display": "469.0",
      "dataType": "Decimal",
      "label": "CW Volume"
    },
    "REG_CW_Minus_1_Volume__c": {
      "value": 342,
      "display": "342.0",
      "dataType": "Decimal",
      "label": "CW Minus 1 Volume"
    },
    "REG_CW_Minus_2_Volume__c": {
      "value": 175,
      "display": "175.0",
      "dataType": "Decimal",
      "label": "CW Minus 2 Volume"
    },
    "REG_CW_Minus_3_Volume__c": {
      "value": 321,
      "display": "321.0",
      "dataType": "Decimal",
      "label": "CW Minus 3 Volume"
    },
    "REG_CW_Minus_4_Volume__c": {
      "value": 64,
      "display": "64.0",
      "dataType": "Decimal",
      "label": "CW Minus 4 Volume"
    },
    "REG_CW_Minus_5_Volume__c": {
      "value": 171,
      "display": "171.0",
      "dataType": "Decimal",
      "label": "CW Minus 5 Volume"
    },
    "REG_CW_Minus_6_Volume__c": {
      "value": 151,
      "display": "151.0",
      "dataType": "Decimal",
      "label": "CW Minus 6 Volume"
    },
    "REG_CW_Minus_7_Volume__c": {
      "value": 334,
      "display": "334.0",
      "dataType": "Decimal",
      "label": "CW Minus 7 Volume"
    },
    "REG_CW_Minus_8_Volume__c": {
      "value": 389,
      "display": "389.0",
      "dataType": "Decimal",
      "label": "CW Minus 8 Volume"
    },
    "REG_CW_Minus_9_Volume__c": {
      "value": 232,
      "display": "232.0",
      "dataType": "Decimal",
      "label": "CW Minus 9 Volume"
    },
    "REG_CW_Minus_10_Volume__c": {
      "value": 202,
      "display": "202.0",
      "dataType": "Decimal",
      "label": "CW Minus 10 Volume"
    },
    "REG_CW_Minus_11_Volume__c": {
      "value": 240,
      "display": "240.0",
      "dataType": "Decimal",
      "label": "CW Minus 11 Volume"
    },
    "REG_CW_Minus_12_Volume__c": {
      "value": 280,
      "display": "280.0",
      "dataType": "Decimal",
      "label": "CW Minus 12 Volume"
    }
  },
  {
    "REG_HCO_Account__c": {
      "value": "394e427b-9152-402c-9bd5-c01dfb7eb3b0",
      "display": "394e427b-9152-402c-9bd5-c01dfb7eb3b0",
      "dataType": "String",
      "label": "HCO Account"
    },
    "REG_Territory_Name__c": {
      "value": "Territory New York",
      "display": "Territory New York",
      "dataType": "String",
      "label": "Territory Name"
    },
    "REG_CW_Volume__c": {
      "value": 184,
      "display": "184.0",
      "dataType": "Decimal",
      "label": "CW Volume"
    },
    "REG_CW_Minus_1_Volume__c": {
      "value": 423,
      "display": "423.0",
      "dataType": "Decimal",
      "label": "CW Minus 1 Volume"
    },
    "REG_CW_Minus_2_Volume__c": {
      "value": 97,
      "display": "97.0",
      "dataType": "Decimal",
      "label": "CW Minus 2 Volume"
    },
    "REG_CW_Minus_3_Volume__c": {
      "value": 412,
      "display": "412.0",
      "dataType": "Decimal",
      "label": "CW Minus 3 Volume"
    },
    "REG_CW_Minus_4_Volume__c": {
      "value": 0,
      "display": "0.0",
      "dataType": "Decimal",
      "label": "CW Minus 4 Volume"
    },
    "REG_CW_Minus_5_Volume__c": {
      "value": 212,
      "display": "212.0",
      "dataType": "Decimal",
      "label": "CW Minus 5 Volume"
    },
    "REG_CW_Minus_6_Volume__c": {
      "value": 139,
      "display": "139.0",
      "dataType": "Decimal",
      "label": "CW Minus 6 Volume"
    },
    "REG_CW_Minus_7_Volume__c": {
      "value": 227,
      "display": "227.0",
      "dataType": "Decimal",
      "label": "CW Minus 7 Volume"
    },
    "REG_CW_Minus_8_Volume__c": {
      "value": 91,
      "display": "91.0",
      "dataType": "Decimal",
      "label": "CW Minus 8 Volume"
    },
    "REG_CW_Minus_9_Volume__c": {
      "value": 377,
      "display": "377.0",
      "dataType": "Decimal",
      "label": "CW Minus 9 Volume"
    },
    "REG_CW_Minus_10_Volume__c": {
      "value": 178,
      "display": "178.0",
      "dataType": "Decimal",
      "label": "CW Minus 10 Volume"
    },
    "REG_CW_Minus_11_Volume__c": {
      "value": 489,
      "display": "489.0",
      "dataType": "Decimal",
      "label": "CW Minus 11 Volume"
    },
    "REG_CW_Minus_12_Volume__c": {
      "value": 290,
      "display": "290.0",
      "dataType": "Decimal",
      "label": "CW Minus 12 Volume"
    }
  },
  {
    "REG_HCO_Account__c": {
      "value": "b859544a-ed07-4e9b-a6ec-5a8327e3c193",
      "display": "b859544a-ed07-4e9b-a6ec-5a8327e3c193",
      "dataType": "String",
      "label": "HCO Account"
    },
    "REG_Territory_Name__c": {
      "value": "Territory New York",
      "display": "Territory New York",
      "dataType": "String",
      "label": "Territory Name"
    },
    "REG_CW_Volume__c": {
      "value": 280,
      "display": "280.0",
      "dataType": "Decimal",
      "label": "CW Volume"
    },
    "REG_CW_Minus_1_Volume__c": {
      "value": 115,
      "display": "115.0",
      "dataType": "Decimal",
      "label": "CW Minus 1 Volume"
    },
    "REG_CW_Minus_2_Volume__c": {
      "value": 2,
      "display": "2.0",
      "dataType": "Decimal",
      "label": "CW Minus 2 Volume"
    },
    "REG_CW_Minus_3_Volume__c": {
      "value": 236,
      "display": "236.0",
      "dataType": "Decimal",
      "label": "CW Minus 3 Volume"
    },
    "REG_CW_Minus_4_Volume__c": {
      "value": 315,
      "display": "315.0",
      "dataType": "Decimal",
      "label": "CW Minus 4 Volume"
    },
    "REG_CW_Minus_5_Volume__c": {
      "value": 392,
      "display": "392.0",
      "dataType": "Decimal",
      "label": "CW Minus 5 Volume"
    },
    "REG_CW_Minus_6_Volume__c": {
      "value": 63,
      "display": "63.0",
      "dataType": "Decimal",
      "label": "CW Minus 6 Volume"
    },
    "REG_CW_Minus_7_Volume__c": {
      "value": 127,
      "display": "127.0",
      "dataType": "Decimal",
      "label": "CW Minus 7 Volume"
    },
    "REG_CW_Minus_8_Volume__c": {
      "value": 496,
      "display": "496.0",
      "dataType": "Decimal",
      "label": "CW Minus 8 Volume"
    },
    "REG_CW_Minus_9_Volume__c": {
      "value": 487,
      "display": "487.0",
      "dataType": "Decimal",
      "label": "CW Minus 9 Volume"
    },
    "REG_CW_Minus_10_Volume__c": {
      "value": 426,
      "display": "426.0",
      "dataType": "Decimal",
      "label": "CW Minus 10 Volume"
    },
    "REG_CW_Minus_11_Volume__c": {
      "value": 105,
      "display": "105.0",
      "dataType": "Decimal",
      "label": "CW Minus 11 Volume"
    },
    "REG_CW_Minus_12_Volume__c": {
      "value": 44,
      "display": "44.0",
      "dataType": "Decimal",
      "label": "CW Minus 12 Volume"
    }
  },
  {
    "REG_HCO_Account__c": {
      "value": "17784a1a-2b66-4922-b65f-aa3d9aa4bc89",
      "display": "17784a1a-2b66-4922-b65f-aa3d9aa4bc89",
      "dataType": "String",
      "label": "HCO Account"
    },
    "REG_Territory_Name__c": {
      "value": "Territory New York",
      "display": "Territory New York",
      "dataType": "String",
      "label": "Territory Name"
    },
    "REG_CW_Volume__c": {
      "value": 391,
      "display": "391.0",
      "dataType": "Decimal",
      "label": "CW Volume"
    },
    "REG_CW_Minus_1_Volume__c": {
      "value": 209,
      "display": "209.0",
      "dataType": "Decimal",
      "label": "CW Minus 1 Volume"
    },
    "REG_CW_Minus_2_Volume__c": {
      "value": 199,
      "display": "199.0",
      "dataType": "Decimal",
      "label": "CW Minus 2 Volume"
    },
    "REG_CW_Minus_3_Volume__c": {
      "value": 353,
      "display": "353.0",
      "dataType": "Decimal",
      "label": "CW Minus 3 Volume"
    },
    "REG_CW_Minus_4_Volume__c": {
      "value": 420,
      "display": "420.0",
      "dataType": "Decimal",
      "label": "CW Minus 4 Volume"
    },
    "REG_CW_Minus_5_Volume__c": {
      "value": 325,
      "display": "325.0",
      "dataType": "Decimal",
      "label": "CW Minus 5 Volume"
    },
    "REG_CW_Minus_6_Volume__c": {
      "value": 450,
      "display": "450.0",
      "dataType": "Decimal",
      "label": "CW Minus 6 Volume"
    },
    "REG_CW_Minus_7_Volume__c": {
      "value": 240,
      "display": "240.0",
      "dataType": "Decimal",
      "label": "CW Minus 7 Volume"
    },
    "REG_CW_Minus_8_Volume__c": {
      "value": 323,
      "display": "323.0",
      "dataType": "Decimal",
      "label": "CW Minus 8 Volume"
    },
    "REG_CW_Minus_9_Volume__c": {
      "value": 2,
      "display": "2.0",
      "dataType": "Decimal",
      "label": "CW Minus 9 Volume"
    },
    "REG_CW_Minus_10_Volume__c": {
      "value": 491,
      "display": "491.0",
      "dataType": "Decimal",
      "label": "CW Minus 10 Volume"
    },
    "REG_CW_Minus_11_Volume__c": {
      "value": 447,
      "display": "447.0",
      "dataType": "Decimal",
      "label": "CW Minus 11 Volume"
    },
    "REG_CW_Minus_12_Volume__c": {
      "value": 434,
      "display": "434.0",
      "dataType": "Decimal",
      "label": "CW Minus 12 Volume"
    }
  },
  {
    "REG_HCO_Account__c": {
      "value": "a27f882d-2852-4853-a560-7ed5a00e8f7b",
      "display": "a27f882d-2852-4853-a560-7ed5a00e8f7b",
      "dataType": "String",
      "label": "HCO Account"
    },
    "REG_Territory_Name__c": {
      "value": "Territory New York",
      "display": "Territory New York",
      "dataType": "String",
      "label": "Territory Name"
    },
    "REG_CW_Volume__c": {
      "value": 275,
      "display": "275.0",
      "dataType": "Decimal",
      "label": "CW Volume"
    },
    "REG_CW_Minus_1_Volume__c": {
      "value": 426,
      "display": "426.0",
      "dataType": "Decimal",
      "label": "CW Minus 1 Volume"
    },
    "REG_CW_Minus_2_Volume__c": {
      "value": 328,
      "display": "328.0",
      "dataType": "Decimal",
      "label": "CW Minus 2 Volume"
    },
    "REG_CW_Minus_3_Volume__c": {
      "value": 409,
      "display": "409.0",
      "dataType": "Decimal",
      "label": "CW Minus 3 Volume"
    },
    "REG_CW_Minus_4_Volume__c": {
      "value": 275,
      "display": "275.0",
      "dataType": "Decimal",
      "label": "CW Minus 4 Volume"
    },
    "REG_CW_Minus_5_Volume__c": {
      "value": 128,
      "display": "128.0",
      "dataType": "Decimal",
      "label": "CW Minus 5 Volume"
    },
    "REG_CW_Minus_6_Volume__c": {
      "value": 458,
      "display": "458.0",
      "dataType": "Decimal",
      "label": "CW Minus 6 Volume"
    },
    "REG_CW_Minus_7_Volume__c": {
      "value": 350,
      "display": "350.0",
      "dataType": "Decimal",
      "label": "CW Minus 7 Volume"
    },
    "REG_CW_Minus_8_Volume__c": {
      "value": 256,
      "display": "256.0",
      "dataType": "Decimal",
      "label": "CW Minus 8 Volume"
    },
    "REG_CW_Minus_9_Volume__c": {
      "value": 323,
      "display": "323.0",
      "dataType": "Decimal",
      "label": "CW Minus 9 Volume"
    },
    "REG_CW_Minus_10_Volume__c": {
      "value": 279,
      "display": "279.0",
      "dataType": "Decimal",
      "label": "CW Minus 10 Volume"
    },
    "REG_CW_Minus_11_Volume__c": {
      "value": 378,
      "display": "378.0",
      "dataType": "Decimal",
      "label": "CW Minus 11 Volume"
    },
    "REG_CW_Minus_12_Volume__c": {
      "value": 112,
      "display": "112.0",
      "dataType": "Decimal",
      "label": "CW Minus 12 Volume"
    }
  },
  {
    "REG_HCO_Account__c": {
      "value": "473d69a8-1e28-4020-89b5-d7287c61a84c",
      "display": "473d69a8-1e28-4020-89b5-d7287c61a84c",
      "dataType": "String",
      "label": "HCO Account"
    },
    "REG_Territory_Name__c": {
      "value": "Territory New York",
      "display": "Territory New York",
      "dataType": "String",
      "label": "Territory Name"
    },
    "REG_CW_Volume__c": {
      "value": 209,
      "display": "209.0",
      "dataType": "Decimal",
      "label": "CW Volume"
    },
    "REG_CW_Minus_1_Volume__c": {
      "value": 112,
      "display": "112.0",
      "dataType": "Decimal",
      "label": "CW Minus 1 Volume"
    },
    "REG_CW_Minus_2_Volume__c": {
      "value": 423,
      "display": "423.0",
      "dataType": "Decimal",
      "label": "CW Minus 2 Volume"
    },
    "REG_CW_Minus_3_Volume__c": {
      "value": 173,
      "display": "173.0",
      "dataType": "Decimal",
      "label": "CW Minus 3 Volume"
    },
    "REG_CW_Minus_4_Volume__c": {
      "value": 27,
      "display": "27.0",
      "dataType": "Decimal",
      "label": "CW Minus 4 Volume"
    },
    "REG_CW_Minus_5_Volume__c": {
      "value": 295,
      "display": "295.0",
      "dataType": "Decimal",
      "label": "CW Minus 5 Volume"
    },
    "REG_CW_Minus_6_Volume__c": {
      "value": 55,
      "display": "55.0",
      "dataType": "Decimal",
      "label": "CW Minus 6 Volume"
    },
    "REG_CW_Minus_7_Volume__c": {
      "value": 210,
      "display": "210.0",
      "dataType": "Decimal",
      "label": "CW Minus 7 Volume"
    },
    "REG_CW_Minus_8_Volume__c": {
      "value": 331,
      "display": "331.0",
      "dataType": "Decimal",
      "label": "CW Minus 8 Volume"
    },
    "REG_CW_Minus_9_Volume__c": {
      "value": 168,
      "display": "168.0",
      "dataType": "Decimal",
      "label": "CW Minus 9 Volume"
    },
    "REG_CW_Minus_10_Volume__c": {
      "value": 470,
      "display": "470.0",
      "dataType": "Decimal",
      "label": "CW Minus 10 Volume"
    },
    "REG_CW_Minus_11_Volume__c": {
      "value": 436,
      "display": "436.0",
      "dataType": "Decimal",
      "label": "CW Minus 11 Volume"
    },
    "REG_CW_Minus_12_Volume__c": {
      "value": 307,
      "display": "307.0",
      "dataType": "Decimal",
      "label": "CW Minus 12 Volume"
    }
  },
  {
    "REG_HCO_Account__c": {
      "value": "f9fa2ec4-c542-4205-8a6e-368762cc0626",
      "display": "f9fa2ec4-c542-4205-8a6e-368762cc0626",
      "dataType": "String",
      "label": "HCO Account"
    },
    "REG_Territory_Name__c": {
      "value": "Territory New York",
      "display": "Territory New York",
      "dataType": "String",
      "label": "Territory Name"
    },
    "REG_CW_Volume__c": {
      "value": 445,
      "display": "445.0",
      "dataType": "Decimal",
      "label": "CW Volume"
    },
    "REG_CW_Minus_1_Volume__c": {
      "value": 151,
      "display": "151.0",
      "dataType": "Decimal",
      "label": "CW Minus 1 Volume"
    },
    "REG_CW_Minus_2_Volume__c": {
      "value": 345,
      "display": "345.0",
      "dataType": "Decimal",
      "label": "CW Minus 2 Volume"
    },
    "REG_CW_Minus_3_Volume__c": {
      "value": 409,
      "display": "409.0",
      "dataType": "Decimal",
      "label": "CW Minus 3 Volume"
    },
    "REG_CW_Minus_4_Volume__c": {
      "value": 376,
      "display": "376.0",
      "dataType": "Decimal",
      "label": "CW Minus 4 Volume"
    },
    "REG_CW_Minus_5_Volume__c": {
      "value": 342,
      "display": "342.0",
      "dataType": "Decimal",
      "label": "CW Minus 5 Volume"
    },
    "REG_CW_Minus_6_Volume__c": {
      "value": 417,
      "display": "417.0",
      "dataType": "Decimal",
      "label": "CW Minus 6 Volume"
    },
    "REG_CW_Minus_7_Volume__c": {
      "value": 453,
      "display": "453.0",
      "dataType": "Decimal",
      "label": "CW Minus 7 Volume"
    },
    "REG_CW_Minus_8_Volume__c": {
      "value": 387,
      "display": "387.0",
      "dataType": "Decimal",
      "label": "CW Minus 8 Volume"
    },
    "REG_CW_Minus_9_Volume__c": {
      "value": 81,
      "display": "81.0",
      "dataType": "Decimal",
      "label": "CW Minus 9 Volume"
    },
    "REG_CW_Minus_10_Volume__c": {
      "value": 242,
      "display": "242.0",
      "dataType": "Decimal",
      "label": "CW Minus 10 Volume"
    },
    "REG_CW_Minus_11_Volume__c": {
      "value": 328,
      "display": "328.0",
      "dataType": "Decimal",
      "label": "CW Minus 11 Volume"
    },
    "REG_CW_Minus_12_Volume__c": {
      "value": 259,
      "display": "259.0",
      "dataType": "Decimal",
      "label": "CW Minus 12 Volume"
    }
  },
  {
    "REG_HCO_Account__c": {
      "value": "3ac9baa9-c74b-4e5d-8905-05abfc881329",
      "display": "3ac9baa9-c74b-4e5d-8905-05abfc881329",
      "dataType": "String",
      "label": "HCO Account"
    },
    "REG_Territory_Name__c": {
      "value": "Territory New York",
      "display": "Territory New York",
      "dataType": "String",
      "label": "Territory Name"
    },
    "REG_CW_Volume__c": {
      "value": 354,
      "display": "354.0",
      "dataType": "Decimal",
      "label": "CW Volume"
    },
    "REG_CW_Minus_1_Volume__c": {
      "value": 268,
      "display": "268.0",
      "dataType": "Decimal",
      "label": "CW Minus 1 Volume"
    },
    "REG_CW_Minus_2_Volume__c": {
      "value": 301,
      "display": "301.0",
      "dataType": "Decimal",
      "label": "CW Minus 2 Volume"
    },
    "REG_CW_Minus_3_Volume__c": {
      "value": 290,
      "display": "290.0",
      "dataType": "Decimal",
      "label": "CW Minus 3 Volume"
    },
    "REG_CW_Minus_4_Volume__c": {
      "value": 135,
      "display": "135.0",
      "dataType": "Decimal",
      "label": "CW Minus 4 Volume"
    },
    "REG_CW_Minus_5_Volume__c": {
      "value": 342,
      "display": "342.0",
      "dataType": "Decimal",
      "label": "CW Minus 5 Volume"
    },
    "REG_CW_Minus_6_Volume__c": {
      "value": 63,
      "display": "63.0",
      "dataType": "Decimal",
      "label": "CW Minus 6 Volume"
    },
    "REG_CW_Minus_7_Volume__c": {
      "value": 277,
      "display": "277.0",
      "dataType": "Decimal",
      "label": "CW Minus 7 Volume"
    },
    "REG_CW_Minus_8_Volume__c": {
      "value": 93,
      "display": "93.0",
      "dataType": "Decimal",
      "label": "CW Minus 8 Volume"
    },
    "REG_CW_Minus_9_Volume__c": {
      "value": 233,
      "display": "233.0",
      "dataType": "Decimal",
      "label": "CW Minus 9 Volume"
    },
    "REG_CW_Minus_10_Volume__c": {
      "value": 493,
      "display": "493.0",
      "dataType": "Decimal",
      "label": "CW Minus 10 Volume"
    },
    "REG_CW_Minus_11_Volume__c": {
      "value": 313,
      "display": "313.0",
      "dataType": "Decimal",
      "label": "CW Minus 11 Volume"
    },
    "REG_CW_Minus_12_Volume__c": {
      "value": 409,
      "display": "409.0",
      "dataType": "Decimal",
      "label": "CW Minus 12 Volume"
    }
  },
  {
    "REG_HCO_Account__c": {
      "value": "8fa43d76-057d-43a8-8794-f878f35c9bb9",
      "display": "8fa43d76-057d-43a8-8794-f878f35c9bb9",
      "dataType": "String",
      "label": "HCO Account"
    },
    "REG_Territory_Name__c": {
      "value": "Territory California",
      "display": "Territory California",
      "dataType": "String",
      "label": "Territory Name"
    },
    "REG_CW_Volume__c": {
      "value": 357,
      "display": "357.0",
      "dataType": "Decimal",
      "label": "CW Volume"
    },
    "REG_CW_Minus_1_Volume__c": {
      "value": 230,
      "display": "230.0",
      "dataType": "Decimal",
      "label": "CW Minus 1 Volume"
    },
    "REG_CW_Minus_2_Volume__c": {
      "value": 239,
      "display": "239.0",
      "dataType": "Decimal",
      "label": "CW Minus 2 Volume"
    },
    "REG_CW_Minus_3_Volume__c": {
      "value": 442,
      "display": "442.0",
      "dataType": "Decimal",
      "label": "CW Minus 3 Volume"
    },
    "REG_CW_Minus_4_Volume__c": {
      "value": 379,
      "display": "379.0",
      "dataType": "Decimal",
      "label": "CW Minus 4 Volume"
    },
    "REG_CW_Minus_5_Volume__c": {
      "value": 340,
      "display": "340.0",
      "dataType": "Decimal",
      "label": "CW Minus 5 Volume"
    },
    "REG_CW_Minus_6_Volume__c": {
      "value": 66,
      "display": "66.0",
      "dataType": "Decimal",
      "label": "CW Minus 6 Volume"
    },
    "REG_CW_Minus_7_Volume__c": {
      "value": 291,
      "display": "291.0",
      "dataType": "Decimal",
      "label": "CW Minus 7 Volume"
    },
    "REG_CW_Minus_8_Volume__c": {
      "value": 32,
      "display": "32.0",
      "dataType": "Decimal",
      "label": "CW Minus 8 Volume"
    },
    "REG_CW_Minus_9_Volume__c": {
      "value": 494,
      "display": "494.0",
      "dataType": "Decimal",
      "label": "CW Minus 9 Volume"
    },
    "REG_CW_Minus_10_Volume__c": {
      "value": 355,
      "display": "355.0",
      "dataType": "Decimal",
      "label": "CW Minus 10 Volume"
    },
    "REG_CW_Minus_11_Volume__c": {
      "value": 491,
      "display": "491.0",
      "dataType": "Decimal",
      "label": "CW Minus 11 Volume"
    },
    "REG_CW_Minus_12_Volume__c": {
      "value": 362,
      "display": "362.0",
      "dataType": "Decimal",
      "label": "CW Minus 12 Volume"
    }
  },
  {
    "REG_HCO_Account__c": {
      "value": "588e66f5-41cc-4111-826d-48a16c6fcf07",
      "display": "588e66f5-41cc-4111-826d-48a16c6fcf07",
      "dataType": "String",
      "label": "HCO Account"
    },
    "REG_Territory_Name__c": {
      "value": "Territory California",
      "display": "Territory California",
      "dataType": "String",
      "label": "Territory Name"
    },
    "REG_CW_Volume__c": {
      "value": 245,
      "display": "245.0",
      "dataType": "Decimal",
      "label": "CW Volume"
    },
    "REG_CW_Minus_1_Volume__c": {
      "value": 413,
      "display": "413.0",
      "dataType": "Decimal",
      "label": "CW Minus 1 Volume"
    },
    "REG_CW_Minus_2_Volume__c": {
      "value": 333,
      "display": "333.0",
      "dataType": "Decimal",
      "label": "CW Minus 2 Volume"
    },
    "REG_CW_Minus_3_Volume__c": {
      "value": 31,
      "display": "31.0",
      "dataType": "Decimal",
      "label": "CW Minus 3 Volume"
    },
    "REG_CW_Minus_4_Volume__c": {
      "value": 16,
      "display": "16.0",
      "dataType": "Decimal",
      "label": "CW Minus 4 Volume"
    },
    "REG_CW_Minus_5_Volume__c": {
      "value": 372,
      "display": "372.0",
      "dataType": "Decimal",
      "label": "CW Minus 5 Volume"
    },
    "REG_CW_Minus_6_Volume__c": {
      "value": 211,
      "display": "211.0",
      "dataType": "Decimal",
      "label": "CW Minus 6 Volume"
    },
    "REG_CW_Minus_7_Volume__c": {
      "value": 73,
      "display": "73.0",
      "dataType": "Decimal",
      "label": "CW Minus 7 Volume"
    },
    "REG_CW_Minus_8_Volume__c": {
      "value": 257,
      "display": "257.0",
      "dataType": "Decimal",
      "label": "CW Minus 8 Volume"
    },
    "REG_CW_Minus_9_Volume__c": {
      "value": 231,
      "display": "231.0",
      "dataType": "Decimal",
      "label": "CW Minus 9 Volume"
    },
    "REG_CW_Minus_10_Volume__c": {
      "value": 212,
      "display": "212.0",
      "dataType": "Decimal",
      "label": "CW Minus 10 Volume"
    },
    "REG_CW_Minus_11_Volume__c": {
      "value": 239,
      "display": "239.0",
      "dataType": "Decimal",
      "label": "CW Minus 11 Volume"
    },
    "REG_CW_Minus_12_Volume__c": {
      "value": 222,
      "display": "222.0",
      "dataType": "Decimal",
      "label": "CW Minus 12 Volume"
    }
  },
  {
    "REG_HCO_Account__c": {
      "value": "af734d5b-1e53-43d4-906b-b2d84511730d",
      "display": "af734d5b-1e53-43d4-906b-b2d84511730d",
      "dataType": "String",
      "label": "HCO Account"
    },
    "REG_Territory_Name__c": {
      "value": "Territory California",
      "display": "Territory California",
      "dataType": "String",
      "label": "Territory Name"
    },
    "REG_CW_Volume__c": {
      "value": 380,
      "display": "380.0",
      "dataType": "Decimal",
      "label": "CW Volume"
    },
    "REG_CW_Minus_1_Volume__c": {
      "value": 320,
      "display": "320.0",
      "dataType": "Decimal",
      "label": "CW Minus 1 Volume"
    },
    "REG_CW_Minus_2_Volume__c": {
      "value": 124,
      "display": "124.0",
      "dataType": "Decimal",
      "label": "CW Minus 2 Volume"
    },
    "REG_CW_Minus_3_Volume__c": {
      "value": 489,
      "display": "489.0",
      "dataType": "Decimal",
      "label": "CW Minus 3 Volume"
    },
    "REG_CW_Minus_4_Volume__c": {
      "value": 55,
      "display": "55.0",
      "dataType": "Decimal",
      "label": "CW Minus 4 Volume"
    },
    "REG_CW_Minus_5_Volume__c": {
      "value": 476,
      "display": "476.0",
      "dataType": "Decimal",
      "label": "CW Minus 5 Volume"
    },
    "REG_CW_Minus_6_Volume__c": {
      "value": 129,
      "display": "129.0",
      "dataType": "Decimal",
      "label": "CW Minus 6 Volume"
    },
    "REG_CW_Minus_7_Volume__c": {
      "value": 93,
      "display": "93.0",
      "dataType": "Decimal",
      "label": "CW Minus 7 Volume"
    },
    "REG_CW_Minus_8_Volume__c": {
      "value": 424,
      "display": "424.0",
      "dataType": "Decimal",
      "label": "CW Minus 8 Volume"
    },
    "REG_CW_Minus_9_Volume__c": {
      "value": 80,
      "display": "80.0",
      "dataType": "Decimal",
      "label": "CW Minus 9 Volume"
    },
    "REG_CW_Minus_10_Volume__c": {
      "value": 128,
      "display": "128.0",
      "dataType": "Decimal",
      "label": "CW Minus 10 Volume"
    },
    "REG_CW_Minus_11_Volume__c": {
      "value": 186,
      "display": "186.0",
      "dataType": "Decimal",
      "label": "CW Minus 11 Volume"
    },
    "REG_CW_Minus_12_Volume__c": {
      "value": 493,
      "display": "493.0",
      "dataType": "Decimal",
      "label": "CW Minus 12 Volume"
    }
  },
  {
    "REG_HCO_Account__c": {
      "value": "89a92f48-263f-4bf5-acbd-8af356ebd3b4",
      "display": "89a92f48-263f-4bf5-acbd-8af356ebd3b4",
      "dataType": "String",
      "label": "HCO Account"
    },
    "REG_Territory_Name__c": {
      "value": "Territory California",
      "display": "Territory California",
      "dataType": "String",
      "label": "Territory Name"
    },
    "REG_CW_Volume__c": {
      "value": 336,
      "display": "336.0",
      "dataType": "Decimal",
      "label": "CW Volume"
    },
    "REG_CW_Minus_1_Volume__c": {
      "value": 451,
      "display": "451.0",
      "dataType": "Decimal",
      "label": "CW Minus 1 Volume"
    },
    "REG_CW_Minus_2_Volume__c": {
      "value": 333,
      "display": "333.0",
      "dataType": "Decimal",
      "label": "CW Minus 2 Volume"
    },
    "REG_CW_Minus_3_Volume__c": {
      "value": 225,
      "display": "225.0",
      "dataType": "Decimal",
      "label": "CW Minus 3 Volume"
    },
    "REG_CW_Minus_4_Volume__c": {
      "value": 203,
      "display": "203.0",
      "dataType": "Decimal",
      "label": "CW Minus 4 Volume"
    },
    "REG_CW_Minus_5_Volume__c": {
      "value": 438,
      "display": "438.0",
      "dataType": "Decimal",
      "label": "CW Minus 5 Volume"
    },
    "REG_CW_Minus_6_Volume__c": {
      "value": 43,
      "display": "43.0",
      "dataType": "Decimal",
      "label": "CW Minus 6 Volume"
    },
    "REG_CW_Minus_7_Volume__c": {
      "value": 112,
      "display": "112.0",
      "dataType": "Decimal",
      "label": "CW Minus 7 Volume"
    },
    "REG_CW_Minus_8_Volume__c": {
      "value": 109,
      "display": "109.0",
      "dataType": "Decimal",
      "label": "CW Minus 8 Volume"
    },
    "REG_CW_Minus_9_Volume__c": {
      "value": 358,
      "display": "358.0",
      "dataType": "Decimal",
      "label": "CW Minus 9 Volume"
    },
    "REG_CW_Minus_10_Volume__c": {
      "value": 218,
      "display": "218.0",
      "dataType": "Decimal",
      "label": "CW Minus 10 Volume"
    },
    "REG_CW_Minus_11_Volume__c": {
      "value": 318,
      "display": "318.0",
      "dataType": "Decimal",
      "label": "CW Minus 11 Volume"
    },
    "REG_CW_Minus_12_Volume__c": {
      "value": 449,
      "display": "449.0",
      "dataType": "Decimal",
      "label": "CW Minus 12 Volume"
    }
  },
  {
    "REG_HCO_Account__c": {
      "value": "916b7fbf-c5e6-4482-8c04-4e59edf49049",
      "display": "916b7fbf-c5e6-4482-8c04-4e59edf49049",
      "dataType": "String",
      "label": "HCO Account"
    },
    "REG_Territory_Name__c": {
      "value": "Territory California",
      "display": "Territory California",
      "dataType": "String",
      "label": "Territory Name"
    },
    "REG_CW_Volume__c": {
      "value": 365,
      "display": "365.0",
      "dataType": "Decimal",
      "label": "CW Volume"
    },
    "REG_CW_Minus_1_Volume__c": {
      "value": 422,
      "display": "422.0",
      "dataType": "Decimal",
      "label": "CW Minus 1 Volume"
    },
    "REG_CW_Minus_2_Volume__c": {
      "value": 164,
      "display": "164.0",
      "dataType": "Decimal",
      "label": "CW Minus 2 Volume"
    },
    "REG_CW_Minus_3_Volume__c": {
      "value": 257,
      "display": "257.0",
      "dataType": "Decimal",
      "label": "CW Minus 3 Volume"
    },
    "REG_CW_Minus_4_Volume__c": {
      "value": 323,
      "display": "323.0",
      "dataType": "Decimal",
      "label": "CW Minus 4 Volume"
    },
    "REG_CW_Minus_5_Volume__c": {
      "value": 306,
      "display": "306.0",
      "dataType": "Decimal",
      "label": "CW Minus 5 Volume"
    },
    "REG_CW_Minus_6_Volume__c": {
      "value": 76,
      "display": "76.0",
      "dataType": "Decimal",
      "label": "CW Minus 6 Volume"
    },
    "REG_CW_Minus_7_Volume__c": {
      "value": 482,
      "display": "482.0",
      "dataType": "Decimal",
      "label": "CW Minus 7 Volume"
    },
    "REG_CW_Minus_8_Volume__c": {
      "value": 463,
      "display": "463.0",
      "dataType": "Decimal",
      "label": "CW Minus 8 Volume"
    },
    "REG_CW_Minus_9_Volume__c": {
      "value": 118,
      "display": "118.0",
      "dataType": "Decimal",
      "label": "CW Minus 9 Volume"
    },
    "REG_CW_Minus_10_Volume__c": {
      "value": 232,
      "display": "232.0",
      "dataType": "Decimal",
      "label": "CW Minus 10 Volume"
    },
    "REG_CW_Minus_11_Volume__c": {
      "value": 489,
      "display": "489.0",
      "dataType": "Decimal",
      "label": "CW Minus 11 Volume"
    },
    "REG_CW_Minus_12_Volume__c": {
      "value": 420,
      "display": "420.0",
      "dataType": "Decimal",
      "label": "CW Minus 12 Volume"
    }
  },
  {
    "REG_HCO_Account__c": {
      "value": "c70eba5d-09bd-42dc-a360-572230a9f1c5",
      "display": "c70eba5d-09bd-42dc-a360-572230a9f1c5",
      "dataType": "String",
      "label": "HCO Account"
    },
    "REG_Territory_Name__c": {
      "value": "Territory California",
      "display": "Territory California",
      "dataType": "String",
      "label": "Territory Name"
    },
    "REG_CW_Volume__c": {
      "value": 36,
      "display": "36.0",
      "dataType": "Decimal",
      "label": "CW Volume"
    },
    "REG_CW_Minus_1_Volume__c": {
      "value": 442,
      "display": "442.0",
      "dataType": "Decimal",
      "label": "CW Minus 1 Volume"
    },
    "REG_CW_Minus_2_Volume__c": {
      "value": 492,
      "display": "492.0",
      "dataType": "Decimal",
      "label": "CW Minus 2 Volume"
    },
    "REG_CW_Minus_3_Volume__c": {
      "value": 265,
      "display": "265.0",
      "dataType": "Decimal",
      "label": "CW Minus 3 Volume"
    },
    "REG_CW_Minus_4_Volume__c": {
      "value": 324,
      "display": "324.0",
      "dataType": "Decimal",
      "label": "CW Minus 4 Volume"
    },
    "REG_CW_Minus_5_Volume__c": {
      "value": 224,
      "display": "224.0",
      "dataType": "Decimal",
      "label": "CW Minus 5 Volume"
    },
    "REG_CW_Minus_6_Volume__c": {
      "value": 408,
      "display": "408.0",
      "dataType": "Decimal",
      "label": "CW Minus 6 Volume"
    },
    "REG_CW_Minus_7_Volume__c": {
      "value": 396,
      "display": "396.0",
      "dataType": "Decimal",
      "label": "CW Minus 7 Volume"
    },
    "REG_CW_Minus_8_Volume__c": {
      "value": 216,
      "display": "216.0",
      "dataType": "Decimal",
      "label": "CW Minus 8 Volume"
    },
    "REG_CW_Minus_9_Volume__c": {
      "value": 133,
      "display": "133.0",
      "dataType": "Decimal",
      "label": "CW Minus 9 Volume"
    },
    "REG_CW_Minus_10_Volume__c": {
      "value": 447,
      "display": "447.0",
      "dataType": "Decimal",
      "label": "CW Minus 10 Volume"
    },
    "REG_CW_Minus_11_Volume__c": {
      "value": 240,
      "display": "240.0",
      "dataType": "Decimal",
      "label": "CW Minus 11 Volume"
    },
    "REG_CW_Minus_12_Volume__c": {
      "value": 53,
      "display": "53.0",
      "dataType": "Decimal",
      "label": "CW Minus 12 Volume"
    }
  },
  {
    "REG_HCO_Account__c": {
      "value": "df33b5ed-b521-4bc1-a1f4-a7905bfaeaf7",
      "display": "df33b5ed-b521-4bc1-a1f4-a7905bfaeaf7",
      "dataType": "String",
      "label": "HCO Account"
    },
    "REG_Territory_Name__c": {
      "value": "Territory California",
      "display": "Territory California",
      "dataType": "String",
      "label": "Territory Name"
    },
    "REG_CW_Volume__c": {
      "value": 396,
      "display": "396.0",
      "dataType": "Decimal",
      "label": "CW Volume"
    },
    "REG_CW_Minus_1_Volume__c": {
      "value": 445,
      "display": "445.0",
      "dataType": "Decimal",
      "label": "CW Minus 1 Volume"
    },
    "REG_CW_Minus_2_Volume__c": {
      "value": 181,
      "display": "181.0",
      "dataType": "Decimal",
      "label": "CW Minus 2 Volume"
    },
    "REG_CW_Minus_3_Volume__c": {
      "value": 376,
      "display": "376.0",
      "dataType": "Decimal",
      "label": "CW Minus 3 Volume"
    },
    "REG_CW_Minus_4_Volume__c": {
      "value": 104,
      "display": "104.0",
      "dataType": "Decimal",
      "label": "CW Minus 4 Volume"
    },
    "REG_CW_Minus_5_Volume__c": {
      "value": 48,
      "display": "48.0",
      "dataType": "Decimal",
      "label": "CW Minus 5 Volume"
    },
    "REG_CW_Minus_6_Volume__c": {
      "value": 486,
      "display": "486.0",
      "dataType": "Decimal",
      "label": "CW Minus 6 Volume"
    },
    "REG_CW_Minus_7_Volume__c": {
      "value": 115,
      "display": "115.0",
      "dataType": "Decimal",
      "label": "CW Minus 7 Volume"
    },
    "REG_CW_Minus_8_Volume__c": {
      "value": 212,
      "display": "212.0",
      "dataType": "Decimal",
      "label": "CW Minus 8 Volume"
    },
    "REG_CW_Minus_9_Volume__c": {
      "value": 402,
      "display": "402.0",
      "dataType": "Decimal",
      "label": "CW Minus 9 Volume"
    },
    "REG_CW_Minus_10_Volume__c": {
      "value": 499,
      "display": "499.0",
      "dataType": "Decimal",
      "label": "CW Minus 10 Volume"
    },
    "REG_CW_Minus_11_Volume__c": {
      "value": 134,
      "display": "134.0",
      "dataType": "Decimal",
      "label": "CW Minus 11 Volume"
    },
    "REG_CW_Minus_12_Volume__c": {
      "value": 139,
      "display": "139.0",
      "dataType": "Decimal",
      "label": "CW Minus 12 Volume"
    }
  },
  {
    "REG_HCO_Account__c": {
      "value": "a0fdf9b3-f0d5-408f-a0c1-318b35a6c128",
      "display": "a0fdf9b3-f0d5-408f-a0c1-318b35a6c128",
      "dataType": "String",
      "label": "HCO Account"
    },
    "REG_Territory_Name__c": {
      "value": "Territory California",
      "display": "Territory California",
      "dataType": "String",
      "label": "Territory Name"
    },
    "REG_CW_Volume__c": {
      "value": 414,
      "display": "414.0",
      "dataType": "Decimal",
      "label": "CW Volume"
    },
    "REG_CW_Minus_1_Volume__c": {
      "value": 293,
      "display": "293.0",
      "dataType": "Decimal",
      "label": "CW Minus 1 Volume"
    },
    "REG_CW_Minus_2_Volume__c": {
      "value": 329,
      "display": "329.0",
      "dataType": "Decimal",
      "label": "CW Minus 2 Volume"
    },
    "REG_CW_Minus_3_Volume__c": {
      "value": 43,
      "display": "43.0",
      "dataType": "Decimal",
      "label": "CW Minus 3 Volume"
    },
    "REG_CW_Minus_4_Volume__c": {
      "value": 472,
      "display": "472.0",
      "dataType": "Decimal",
      "label": "CW Minus 4 Volume"
    },
    "REG_CW_Minus_5_Volume__c": {
      "value": 263,
      "display": "263.0",
      "dataType": "Decimal",
      "label": "CW Minus 5 Volume"
    },
    "REG_CW_Minus_6_Volume__c": {
      "value": 473,
      "display": "473.0",
      "dataType": "Decimal",
      "label": "CW Minus 6 Volume"
    },
    "REG_CW_Minus_7_Volume__c": {
      "value": 485,
      "display": "485.0",
      "dataType": "Decimal",
      "label": "CW Minus 7 Volume"
    },
    "REG_CW_Minus_8_Volume__c": {
      "value": 309,
      "display": "309.0",
      "dataType": "Decimal",
      "label": "CW Minus 8 Volume"
    },
    "REG_CW_Minus_9_Volume__c": {
      "value": 473,
      "display": "473.0",
      "dataType": "Decimal",
      "label": "CW Minus 9 Volume"
    },
    "REG_CW_Minus_10_Volume__c": {
      "value": 300,
      "display": "300.0",
      "dataType": "Decimal",
      "label": "CW Minus 10 Volume"
    },
    "REG_CW_Minus_11_Volume__c": {
      "value": 215,
      "display": "215.0",
      "dataType": "Decimal",
      "label": "CW Minus 11 Volume"
    },
    "REG_CW_Minus_12_Volume__c": {
      "value": 291,
      "display": "291.0",
      "dataType": "Decimal",
      "label": "CW Minus 12 Volume"
    }
  },
  {
    "REG_HCO_Account__c": {
      "value": "da673ae2-d261-4ce1-bd6b-08b82b597f24",
      "display": "da673ae2-d261-4ce1-bd6b-08b82b597f24",
      "dataType": "String",
      "label": "HCO Account"
    },
    "REG_Territory_Name__c": {
      "value": "Territory California",
      "display": "Territory California",
      "dataType": "String",
      "label": "Territory Name"
    },
    "REG_CW_Volume__c": {
      "value": 108,
      "display": "108.0",
      "dataType": "Decimal",
      "label": "CW Volume"
    },
    "REG_CW_Minus_1_Volume__c": {
      "value": 245,
      "display": "245.0",
      "dataType": "Decimal",
      "label": "CW Minus 1 Volume"
    },
    "REG_CW_Minus_2_Volume__c": {
      "value": 351,
      "display": "351.0",
      "dataType": "Decimal",
      "label": "CW Minus 2 Volume"
    },
    "REG_CW_Minus_3_Volume__c": {
      "value": 23,
      "display": "23.0",
      "dataType": "Decimal",
      "label": "CW Minus 3 Volume"
    },
    "REG_CW_Minus_4_Volume__c": {
      "value": 479,
      "display": "479.0",
      "dataType": "Decimal",
      "label": "CW Minus 4 Volume"
    },
    "REG_CW_Minus_5_Volume__c": {
      "value": 390,
      "display": "390.0",
      "dataType": "Decimal",
      "label": "CW Minus 5 Volume"
    },
    "REG_CW_Minus_6_Volume__c": {
      "value": 345,
      "display": "345.0",
      "dataType": "Decimal",
      "label": "CW Minus 6 Volume"
    },
    "REG_CW_Minus_7_Volume__c": {
      "value": 154,
      "display": "154.0",
      "dataType": "Decimal",
      "label": "CW Minus 7 Volume"
    },
    "REG_CW_Minus_8_Volume__c": {
      "value": 25,
      "display": "25.0",
      "dataType": "Decimal",
      "label": "CW Minus 8 Volume"
    },
    "REG_CW_Minus_9_Volume__c": {
      "value": 43,
      "display": "43.0",
      "dataType": "Decimal",
      "label": "CW Minus 9 Volume"
    },
    "REG_CW_Minus_10_Volume__c": {
      "value": 120,
      "display": "120.0",
      "dataType": "Decimal",
      "label": "CW Minus 10 Volume"
    },
    "REG_CW_Minus_11_Volume__c": {
      "value": 110,
      "display": "110.0",
      "dataType": "Decimal",
      "label": "CW Minus 11 Volume"
    },
    "REG_CW_Minus_12_Volume__c": {
      "value": 399,
      "display": "399.0",
      "dataType": "Decimal",
      "label": "CW Minus 12 Volume"
    }
  },
  {
    "REG_HCO_Account__c": {
      "value": "1a04dc1f-cbb1-44f7-93ff-138649b64faa",
      "display": "1a04dc1f-cbb1-44f7-93ff-138649b64faa",
      "dataType": "String",
      "label": "HCO Account"
    },
    "REG_Territory_Name__c": {
      "value": "Territory California",
      "display": "Territory California",
      "dataType": "String",
      "label": "Territory Name"
    },
    "REG_CW_Volume__c": {
      "value": 496,
      "display": "496.0",
      "dataType": "Decimal",
      "label": "CW Volume"
    },
    "REG_CW_Minus_1_Volume__c": {
      "value": 117,
      "display": "117.0",
      "dataType": "Decimal",
      "label": "CW Minus 1 Volume"
    },
    "REG_CW_Minus_2_Volume__c": {
      "value": 298,
      "display": "298.0",
      "dataType": "Decimal",
      "label": "CW Minus 2 Volume"
    },
    "REG_CW_Minus_3_Volume__c": {
      "value": 400,
      "display": "400.0",
      "dataType": "Decimal",
      "label": "CW Minus 3 Volume"
    },
    "REG_CW_Minus_4_Volume__c": {
      "value": 93,
      "display": "93.0",
      "dataType": "Decimal",
      "label": "CW Minus 4 Volume"
    },
    "REG_CW_Minus_5_Volume__c": {
      "value": 106,
      "display": "106.0",
      "dataType": "Decimal",
      "label": "CW Minus 5 Volume"
    },
    "REG_CW_Minus_6_Volume__c": {
      "value": 402,
      "display": "402.0",
      "dataType": "Decimal",
      "label": "CW Minus 6 Volume"
    },
    "REG_CW_Minus_7_Volume__c": {
      "value": 163,
      "display": "163.0",
      "dataType": "Decimal",
      "label": "CW Minus 7 Volume"
    },
    "REG_CW_Minus_8_Volume__c": {
      "value": 298,
      "display": "298.0",
      "dataType": "Decimal",
      "label": "CW Minus 8 Volume"
    },
    "REG_CW_Minus_9_Volume__c": {
      "value": 467,
      "display": "467.0",
      "dataType": "Decimal",
      "label": "CW Minus 9 Volume"
    },
    "REG_CW_Minus_10_Volume__c": {
      "value": 4,
      "display": "4.0",
      "dataType": "Decimal",
      "label": "CW Minus 10 Volume"
    },
    "REG_CW_Minus_11_Volume__c": {
      "value": 42,
      "display": "42.0",
      "dataType": "Decimal",
      "label": "CW Minus 11 Volume"
    },
    "REG_CW_Minus_12_Volume__c": {
      "value": 21,
      "display": "21.0",
      "dataType": "Decimal",
      "label": "CW Minus 12 Volume"
    }
  },
  {
    "REG_HCO_Account__c": {
      "value": "7e524e61-4b29-4003-b8f7-eb89edf2d4c5",
      "display": "7e524e61-4b29-4003-b8f7-eb89edf2d4c5",
      "dataType": "String",
      "label": "HCO Account"
    },
    "REG_Territory_Name__c": {
      "value": "Territory Texas",
      "display": "Territory Texas",
      "dataType": "String",
      "label": "Territory Name"
    },
    "REG_CW_Volume__c": {
      "value": 399,
      "display": "399.0",
      "dataType": "Decimal",
      "label": "CW Volume"
    },
    "REG_CW_Minus_1_Volume__c": {
      "value": 198,
      "display": "198.0",
      "dataType": "Decimal",
      "label": "CW Minus 1 Volume"
    },
    "REG_CW_Minus_2_Volume__c": {
      "value": 412,
      "display": "412.0",
      "dataType": "Decimal",
      "label": "CW Minus 2 Volume"
    },
    "REG_CW_Minus_3_Volume__c": {
      "value": 313,
      "display": "313.0",
      "dataType": "Decimal",
      "label": "CW Minus 3 Volume"
    },
    "REG_CW_Minus_4_Volume__c": {
      "value": 460,
      "display": "460.0",
      "dataType": "Decimal",
      "label": "CW Minus 4 Volume"
    },
    "REG_CW_Minus_5_Volume__c": {
      "value": 237,
      "display": "237.0",
      "dataType": "Decimal",
      "label": "CW Minus 5 Volume"
    },
    "REG_CW_Minus_6_Volume__c": {
      "value": 249,
      "display": "249.0",
      "dataType": "Decimal",
      "label": "CW Minus 6 Volume"
    },
    "REG_CW_Minus_7_Volume__c": {
      "value": 174,
      "display": "174.0",
      "dataType": "Decimal",
      "label": "CW Minus 7 Volume"
    },
    "REG_CW_Minus_8_Volume__c": {
      "value": 357,
      "display": "357.0",
      "dataType": "Decimal",
      "label": "CW Minus 8 Volume"
    },
    "REG_CW_Minus_9_Volume__c": {
      "value": 328,
      "display": "328.0",
      "dataType": "Decimal",
      "label": "CW Minus 9 Volume"
    },
    "REG_CW_Minus_10_Volume__c": {
      "value": 344,
      "display": "344.0",
      "dataType": "Decimal",
      "label": "CW Minus 10 Volume"
    },
    "REG_CW_Minus_11_Volume__c": {
      "value": 93,
      "display": "93.0",
      "dataType": "Decimal",
      "label": "CW Minus 11 Volume"
    },
    "REG_CW_Minus_12_Volume__c": {
      "value": 376,
      "display": "376.0",
      "dataType": "Decimal",
      "label": "CW Minus 12 Volume"
    }
  },
  {
    "REG_HCO_Account__c": {
      "value": "d8019504-95a1-4560-a9d4-79dfd1a7a5fa",
      "display": "d8019504-95a1-4560-a9d4-79dfd1a7a5fa",
      "dataType": "String",
      "label": "HCO Account"
    },
    "REG_Territory_Name__c": {
      "value": "Territory Texas",
      "display": "Territory Texas",
      "dataType": "String",
      "label": "Territory Name"
    },
    "REG_CW_Volume__c": {
      "value": 293,
      "display": "293.0",
      "dataType": "Decimal",
      "label": "CW Volume"
    },
    "REG_CW_Minus_1_Volume__c": {
      "value": 270,
      "display": "270.0",
      "dataType": "Decimal",
      "label": "CW Minus 1 Volume"
    },
    "REG_CW_Minus_2_Volume__c": {
      "value": 377,
      "display": "377.0",
      "dataType": "Decimal",
      "label": "CW Minus 2 Volume"
    },
    "REG_CW_Minus_3_Volume__c": {
      "value": 247,
      "display": "247.0",
      "dataType": "Decimal",
      "label": "CW Minus 3 Volume"
    },
    "REG_CW_Minus_4_Volume__c": {
      "value": 275,
      "display": "275.0",
      "dataType": "Decimal",
      "label": "CW Minus 4 Volume"
    },
    "REG_CW_Minus_5_Volume__c": {
      "value": 460,
      "display": "460.0",
      "dataType": "Decimal",
      "label": "CW Minus 5 Volume"
    },
    "REG_CW_Minus_6_Volume__c": {
      "value": 440,
      "display": "440.0",
      "dataType": "Decimal",
      "label": "CW Minus 6 Volume"
    },
    "REG_CW_Minus_7_Volume__c": {
      "value": 276,
      "display": "276.0",
      "dataType": "Decimal",
      "label": "CW Minus 7 Volume"
    },
    "REG_CW_Minus_8_Volume__c": {
      "value": 256,
      "display": "256.0",
      "dataType": "Decimal",
      "label": "CW Minus 8 Volume"
    },
    "REG_CW_Minus_9_Volume__c": {
      "value": 110,
      "display": "110.0",
      "dataType": "Decimal",
      "label": "CW Minus 9 Volume"
    },
    "REG_CW_Minus_10_Volume__c": {
      "value": 319,
      "display": "319.0",
      "dataType": "Decimal",
      "label": "CW Minus 10 Volume"
    },
    "REG_CW_Minus_11_Volume__c": {
      "value": 429,
      "display": "429.0",
      "dataType": "Decimal",
      "label": "CW Minus 11 Volume"
    },
    "REG_CW_Minus_12_Volume__c": {
      "value": 294,
      "display": "294.0",
      "dataType": "Decimal",
      "label": "CW Minus 12 Volume"
    }
  },
  {
    "REG_HCO_Account__c": {
      "value": "8d2f4590-55e4-4aa3-90f0-518b4c1520db",
      "display": "8d2f4590-55e4-4aa3-90f0-518b4c1520db",
      "dataType": "String",
      "label": "HCO Account"
    },
    "REG_Territory_Name__c": {
      "value": "Territory Texas",
      "display": "Territory Texas",
      "dataType": "String",
      "label": "Territory Name"
    },
    "REG_CW_Volume__c": {
      "value": 464,
      "display": "464.0",
      "dataType": "Decimal",
      "label": "CW Volume"
    },
    "REG_CW_Minus_1_Volume__c": {
      "value": 83,
      "display": "83.0",
      "dataType": "Decimal",
      "label": "CW Minus 1 Volume"
    },
    "REG_CW_Minus_2_Volume__c": {
      "value": 82,
      "display": "82.0",
      "dataType": "Decimal",
      "label": "CW Minus 2 Volume"
    },
    "REG_CW_Minus_3_Volume__c": {
      "value": 410,
      "display": "410.0",
      "dataType": "Decimal",
      "label": "CW Minus 3 Volume"
    },
    "REG_CW_Minus_4_Volume__c": {
      "value": 57,
      "display": "57.0",
      "dataType": "Decimal",
      "label": "CW Minus 4 Volume"
    },
    "REG_CW_Minus_5_Volume__c": {
      "value": 332,
      "display": "332.0",
      "dataType": "Decimal",
      "label": "CW Minus 5 Volume"
    },
    "REG_CW_Minus_6_Volume__c": {
      "value": 55,
      "display": "55.0",
      "dataType": "Decimal",
      "label": "CW Minus 6 Volume"
    },
    "REG_CW_Minus_7_Volume__c": {
      "value": 469,
      "display": "469.0",
      "dataType": "Decimal",
      "label": "CW Minus 7 Volume"
    },
    "REG_CW_Minus_8_Volume__c": {
      "value": 376,
      "display": "376.0",
      "dataType": "Decimal",
      "label": "CW Minus 8 Volume"
    },
    "REG_CW_Minus_9_Volume__c": {
      "value": 432,
      "display": "432.0",
      "dataType": "Decimal",
      "label": "CW Minus 9 Volume"
    },
    "REG_CW_Minus_10_Volume__c": {
      "value": 283,
      "display": "283.0",
      "dataType": "Decimal",
      "label": "CW Minus 10 Volume"
    },
    "REG_CW_Minus_11_Volume__c": {
      "value": 313,
      "display": "313.0",
      "dataType": "Decimal",
      "label": "CW Minus 11 Volume"
    },
    "REG_CW_Minus_12_Volume__c": {
      "value": 25,
      "display": "25.0",
      "dataType": "Decimal",
      "label": "CW Minus 12 Volume"
    }
  },
  {
    "REG_HCO_Account__c": {
      "value": "c1a75fe8-327a-42ea-b549-1e30cffd4bc4",
      "display": "c1a75fe8-327a-42ea-b549-1e30cffd4bc4",
      "dataType": "String",
      "label": "HCO Account"
    },
    "REG_Territory_Name__c": {
      "value": "Territory Texas",
      "display": "Territory Texas",
      "dataType": "String",
      "label": "Territory Name"
    },
    "REG_CW_Volume__c": {
      "value": 77,
      "display": "77.0",
      "dataType": "Decimal",
      "label": "CW Volume"
    },
    "REG_CW_Minus_1_Volume__c": {
      "value": 146,
      "display": "146.0",
      "dataType": "Decimal",
      "label": "CW Minus 1 Volume"
    },
    "REG_CW_Minus_2_Volume__c": {
      "value": 15,
      "display": "15.0",
      "dataType": "Decimal",
      "label": "CW Minus 2 Volume"
    },
    "REG_CW_Minus_3_Volume__c": {
      "value": 90,
      "display": "90.0",
      "dataType": "Decimal",
      "label": "CW Minus 3 Volume"
    },
    "REG_CW_Minus_4_Volume__c": {
      "value": 414,
      "display": "414.0",
      "dataType": "Decimal",
      "label": "CW Minus 4 Volume"
    },
    "REG_CW_Minus_5_Volume__c": {
      "value": 312,
      "display": "312.0",
      "dataType": "Decimal",
      "label": "CW Minus 5 Volume"
    },
    "REG_CW_Minus_6_Volume__c": {
      "value": 318,
      "display": "318.0",
      "dataType": "Decimal",
      "label": "CW Minus 6 Volume"
    },
    "REG_CW_Minus_7_Volume__c": {
      "value": 20,
      "display": "20.0",
      "dataType": "Decimal",
      "label": "CW Minus 7 Volume"
    },
    "REG_CW_Minus_8_Volume__c": {
      "value": 200,
      "display": "200.0",
      "dataType": "Decimal",
      "label": "CW Minus 8 Volume"
    },
    "REG_CW_Minus_9_Volume__c": {
      "value": 404,
      "display": "404.0",
      "dataType": "Decimal",
      "label": "CW Minus 9 Volume"
    },
    "REG_CW_Minus_10_Volume__c": {
      "value": 174,
      "display": "174.0",
      "dataType": "Decimal",
      "label": "CW Minus 10 Volume"
    },
    "REG_CW_Minus_11_Volume__c": {
      "value": 389,
      "display": "389.0",
      "dataType": "Decimal",
      "label": "CW Minus 11 Volume"
    },
    "REG_CW_Minus_12_Volume__c": {
      "value": 314,
      "display": "314.0",
      "dataType": "Decimal",
      "label": "CW Minus 12 Volume"
    }
  },
  {
    "REG_HCO_Account__c": {
      "value": "ab2438c6-43fa-4c1a-ba2c-6b27858a1766",
      "display": "ab2438c6-43fa-4c1a-ba2c-6b27858a1766",
      "dataType": "String",
      "label": "HCO Account"
    },
    "REG_Territory_Name__c": {
      "value": "Territory Texas",
      "display": "Territory Texas",
      "dataType": "String",
      "label": "Territory Name"
    },
    "REG_CW_Volume__c": {
      "value": 406,
      "display": "406.0",
      "dataType": "Decimal",
      "label": "CW Volume"
    },
    "REG_CW_Minus_1_Volume__c": {
      "value": 388,
      "display": "388.0",
      "dataType": "Decimal",
      "label": "CW Minus 1 Volume"
    },
    "REG_CW_Minus_2_Volume__c": {
      "value": 22,
      "display": "22.0",
      "dataType": "Decimal",
      "label": "CW Minus 2 Volume"
    },
    "REG_CW_Minus_3_Volume__c": {
      "value": 93,
      "display": "93.0",
      "dataType": "Decimal",
      "label": "CW Minus 3 Volume"
    },
    "REG_CW_Minus_4_Volume__c": {
      "value": 410,
      "display": "410.0",
      "dataType": "Decimal",
      "label": "CW Minus 4 Volume"
    },
    "REG_CW_Minus_5_Volume__c": {
      "value": 457,
      "display": "457.0",
      "dataType": "Decimal",
      "label": "CW Minus 5 Volume"
    },
    "REG_CW_Minus_6_Volume__c": {
      "value": 212,
      "display": "212.0",
      "dataType": "Decimal",
      "label": "CW Minus 6 Volume"
    },
    "REG_CW_Minus_7_Volume__c": {
      "value": 158,
      "display": "158.0",
      "dataType": "Decimal",
      "label": "CW Minus 7 Volume"
    },
    "REG_CW_Minus_8_Volume__c": {
      "value": 156,
      "display": "156.0",
      "dataType": "Decimal",
      "label": "CW Minus 8 Volume"
    },
    "REG_CW_Minus_9_Volume__c": {
      "value": 99,
      "display": "99.0",
      "dataType": "Decimal",
      "label": "CW Minus 9 Volume"
    },
    "REG_CW_Minus_10_Volume__c": {
      "value": 397,
      "display": "397.0",
      "dataType": "Decimal",
      "label": "CW Minus 10 Volume"
    },
    "REG_CW_Minus_11_Volume__c": {
      "value": 244,
      "display": "244.0",
      "dataType": "Decimal",
      "label": "CW Minus 11 Volume"
    },
    "REG_CW_Minus_12_Volume__c": {
      "value": 48,
      "display": "48.0",
      "dataType": "Decimal",
      "label": "CW Minus 12 Volume"
    }
  },
  {
    "REG_HCO_Account__c": {
      "value": "e6c32622-bb3c-45b3-89a7-1210441cd3f7",
      "display": "e6c32622-bb3c-45b3-89a7-1210441cd3f7",
      "dataType": "String",
      "label": "HCO Account"
    },
    "REG_Territory_Name__c": {
      "value": "Territory Texas",
      "display": "Territory Texas",
      "dataType": "String",
      "label": "Territory Name"
    },
    "REG_CW_Volume__c": {
      "value": 184,
      "display": "184.0",
      "dataType": "Decimal",
      "label": "CW Volume"
    },
    "REG_CW_Minus_1_Volume__c": {
      "value": 213,
      "display": "213.0",
      "dataType": "Decimal",
      "label": "CW Minus 1 Volume"
    },
    "REG_CW_Minus_2_Volume__c": {
      "value": 397,
      "display": "397.0",
      "dataType": "Decimal",
      "label": "CW Minus 2 Volume"
    },
    "REG_CW_Minus_3_Volume__c": {
      "value": 241,
      "display": "241.0",
      "dataType": "Decimal",
      "label": "CW Minus 3 Volume"
    },
    "REG_CW_Minus_4_Volume__c": {
      "value": 100,
      "display": "100.0",
      "dataType": "Decimal",
      "label": "CW Minus 4 Volume"
    },
    "REG_CW_Minus_5_Volume__c": {
      "value": 427,
      "display": "427.0",
      "dataType": "Decimal",
      "label": "CW Minus 5 Volume"
    },
    "REG_CW_Minus_6_Volume__c": {
      "value": 275,
      "display": "275.0",
      "dataType": "Decimal",
      "label": "CW Minus 6 Volume"
    },
    "REG_CW_Minus_7_Volume__c": {
      "value": 135,
      "display": "135.0",
      "dataType": "Decimal",
      "label": "CW Minus 7 Volume"
    },
    "REG_CW_Minus_8_Volume__c": {
      "value": 174,
      "display": "174.0",
      "dataType": "Decimal",
      "label": "CW Minus 8 Volume"
    },
    "REG_CW_Minus_9_Volume__c": {
      "value": 374,
      "display": "374.0",
      "dataType": "Decimal",
      "label": "CW Minus 9 Volume"
    },
    "REG_CW_Minus_10_Volume__c": {
      "value": 458,
      "display": "458.0",
      "dataType": "Decimal",
      "label": "CW Minus 10 Volume"
    },
    "REG_CW_Minus_11_Volume__c": {
      "value": 341,
      "display": "341.0",
      "dataType": "Decimal",
      "label": "CW Minus 11 Volume"
    },
    "REG_CW_Minus_12_Volume__c": {
      "value": 9,
      "display": "9.0",
      "dataType": "Decimal",
      "label": "CW Minus 12 Volume"
    }
  },
  {
    "REG_HCO_Account__c": {
      "value": "6e081ea5-a766-4873-ae8c-4c6ad6558f6a",
      "display": "6e081ea5-a766-4873-ae8c-4c6ad6558f6a",
      "dataType": "String",
      "label": "HCO Account"
    },
    "REG_Territory_Name__c": {
      "value": "Territory Texas",
      "display": "Territory Texas",
      "dataType": "String",
      "label": "Territory Name"
    },
    "REG_CW_Volume__c": {
      "value": 372,
      "display": "372.0",
      "dataType": "Decimal",
      "label": "CW Volume"
    },
    "REG_CW_Minus_1_Volume__c": {
      "value": 137,
      "display": "137.0",
      "dataType": "Decimal",
      "label": "CW Minus 1 Volume"
    },
    "REG_CW_Minus_2_Volume__c": {
      "value": 99,
      "display": "99.0",
      "dataType": "Decimal",
      "label": "CW Minus 2 Volume"
    },
    "REG_CW_Minus_3_Volume__c": {
      "value": 281,
      "display": "281.0",
      "dataType": "Decimal",
      "label": "CW Minus 3 Volume"
    },
    "REG_CW_Minus_4_Volume__c": {
      "value": 109,
      "display": "109.0",
      "dataType": "Decimal",
      "label": "CW Minus 4 Volume"
    },
    "REG_CW_Minus_5_Volume__c": {
      "value": 157,
      "display": "157.0",
      "dataType": "Decimal",
      "label": "CW Minus 5 Volume"
    },
    "REG_CW_Minus_6_Volume__c": {
      "value": 438,
      "display": "438.0",
      "dataType": "Decimal",
      "label": "CW Minus 6 Volume"
    },
    "REG_CW_Minus_7_Volume__c": {
      "value": 311,
      "display": "311.0",
      "dataType": "Decimal",
      "label": "CW Minus 7 Volume"
    },
    "REG_CW_Minus_8_Volume__c": {
      "value": 208,
      "display": "208.0",
      "dataType": "Decimal",
      "label": "CW Minus 8 Volume"
    },
    "REG_CW_Minus_9_Volume__c": {
      "value": 174,
      "display": "174.0",
      "dataType": "Decimal",
      "label": "CW Minus 9 Volume"
    },
    "REG_CW_Minus_10_Volume__c": {
      "value": 406,
      "display": "406.0",
      "dataType": "Decimal",
      "label": "CW Minus 10 Volume"
    },
    "REG_CW_Minus_11_Volume__c": {
      "value": 309,
      "display": "309.0",
      "dataType": "Decimal",
      "label": "CW Minus 11 Volume"
    },
    "REG_CW_Minus_12_Volume__c": {
      "value": 112,
      "display": "112.0",
      "dataType": "Decimal",
      "label": "CW Minus 12 Volume"
    }
  },
  {
    "REG_HCO_Account__c": {
      "value": "8a59c7c3-8bb3-490e-8293-af0f7166ff28",
      "display": "8a59c7c3-8bb3-490e-8293-af0f7166ff28",
      "dataType": "String",
      "label": "HCO Account"
    },
    "REG_Territory_Name__c": {
      "value": "Territory Texas",
      "display": "Territory Texas",
      "dataType": "String",
      "label": "Territory Name"
    },
    "REG_CW_Volume__c": {
      "value": 271,
      "display": "271.0",
      "dataType": "Decimal",
      "label": "CW Volume"
    },
    "REG_CW_Minus_1_Volume__c": {
      "value": 231,
      "display": "231.0",
      "dataType": "Decimal",
      "label": "CW Minus 1 Volume"
    },
    "REG_CW_Minus_2_Volume__c": {
      "value": 212,
      "display": "212.0",
      "dataType": "Decimal",
      "label": "CW Minus 2 Volume"
    },
    "REG_CW_Minus_3_Volume__c": {
      "value": 396,
      "display": "396.0",
      "dataType": "Decimal",
      "label": "CW Minus 3 Volume"
    },
    "REG_CW_Minus_4_Volume__c": {
      "value": 499,
      "display": "499.0",
      "dataType": "Decimal",
      "label": "CW Minus 4 Volume"
    },
    "REG_CW_Minus_5_Volume__c": {
      "value": 150,
      "display": "150.0",
      "dataType": "Decimal",
      "label": "CW Minus 5 Volume"
    },
    "REG_CW_Minus_6_Volume__c": {
      "value": 268,
      "display": "268.0",
      "dataType": "Decimal",
      "label": "CW Minus 6 Volume"
    },
    "REG_CW_Minus_7_Volume__c": {
      "value": 56,
      "display": "56.0",
      "dataType": "Decimal",
      "label": "CW Minus 7 Volume"
    },
    "REG_CW_Minus_8_Volume__c": {
      "value": 149,
      "display": "149.0",
      "dataType": "Decimal",
      "label": "CW Minus 8 Volume"
    },
    "REG_CW_Minus_9_Volume__c": {
      "value": 357,
      "display": "357.0",
      "dataType": "Decimal",
      "label": "CW Minus 9 Volume"
    },
    "REG_CW_Minus_10_Volume__c": {
      "value": 176,
      "display": "176.0",
      "dataType": "Decimal",
      "label": "CW Minus 10 Volume"
    },
    "REG_CW_Minus_11_Volume__c": {
      "value": 70,
      "display": "70.0",
      "dataType": "Decimal",
      "label": "CW Minus 11 Volume"
    },
    "REG_CW_Minus_12_Volume__c": {
      "value": 322,
      "display": "322.0",
      "dataType": "Decimal",
      "label": "CW Minus 12 Volume"
    }
  },
  {
    "REG_HCO_Account__c": {
      "value": "5e358b4f-cb30-490e-a639-6daa74aaac8e",
      "display": "5e358b4f-cb30-490e-a639-6daa74aaac8e",
      "dataType": "String",
      "label": "HCO Account"
    },
    "REG_Territory_Name__c": {
      "value": "Territory Texas",
      "display": "Territory Texas",
      "dataType": "String",
      "label": "Territory Name"
    },
    "REG_CW_Volume__c": {
      "value": 430,
      "display": "430.0",
      "dataType": "Decimal",
      "label": "CW Volume"
    },
    "REG_CW_Minus_1_Volume__c": {
      "value": 494,
      "display": "494.0",
      "dataType": "Decimal",
      "label": "CW Minus 1 Volume"
    },
    "REG_CW_Minus_2_Volume__c": {
      "value": 114,
      "display": "114.0",
      "dataType": "Decimal",
      "label": "CW Minus 2 Volume"
    },
    "REG_CW_Minus_3_Volume__c": {
      "value": 57,
      "display": "57.0",
      "dataType": "Decimal",
      "label": "CW Minus 3 Volume"
    },
    "REG_CW_Minus_4_Volume__c": {
      "value": 358,
      "display": "358.0",
      "dataType": "Decimal",
      "label": "CW Minus 4 Volume"
    },
    "REG_CW_Minus_5_Volume__c": {
      "value": 265,
      "display": "265.0",
      "dataType": "Decimal",
      "label": "CW Minus 5 Volume"
    },
    "REG_CW_Minus_6_Volume__c": {
      "value": 446,
      "display": "446.0",
      "dataType": "Decimal",
      "label": "CW Minus 6 Volume"
    },
    "REG_CW_Minus_7_Volume__c": {
      "value": 223,
      "display": "223.0",
      "dataType": "Decimal",
      "label": "CW Minus 7 Volume"
    },
    "REG_CW_Minus_8_Volume__c": {
      "value": 240,
      "display": "240.0",
      "dataType": "Decimal",
      "label": "CW Minus 8 Volume"
    },
    "REG_CW_Minus_9_Volume__c": {
      "value": 452,
      "display": "452.0",
      "dataType": "Decimal",
      "label": "CW Minus 9 Volume"
    },
    "REG_CW_Minus_10_Volume__c": {
      "value": 441,
      "display": "441.0",
      "dataType": "Decimal",
      "label": "CW Minus 10 Volume"
    },
    "REG_CW_Minus_11_Volume__c": {
      "value": 447,
      "display": "447.0",
      "dataType": "Decimal",
      "label": "CW Minus 11 Volume"
    },
    "REG_CW_Minus_12_Volume__c": {
      "value": 383,
      "display": "383.0",
      "dataType": "Decimal",
      "label": "CW Minus 12 Volume"
    }
  },
  {
    "REG_HCO_Account__c": {
      "value": "629c289c-12b3-4dbc-89c4-c0e7cb638daa",
      "display": "629c289c-12b3-4dbc-89c4-c0e7cb638daa",
      "dataType": "String",
      "label": "HCO Account"
    },
    "REG_Territory_Name__c": {
      "value": "Territory Texas",
      "display": "Territory Texas",
      "dataType": "String",
      "label": "Territory Name"
    },
    "REG_CW_Volume__c": {
      "value": 270,
      "display": "270.0",
      "dataType": "Decimal",
      "label": "CW Volume"
    },
    "REG_CW_Minus_1_Volume__c": {
      "value": 158,
      "display": "158.0",
      "dataType": "Decimal",
      "label": "CW Minus 1 Volume"
    },
    "REG_CW_Minus_2_Volume__c": {
      "value": 436,
      "display": "436.0",
      "dataType": "Decimal",
      "label": "CW Minus 2 Volume"
    },
    "REG_CW_Minus_3_Volume__c": {
      "value": 394,
      "display": "394.0",
      "dataType": "Decimal",
      "label": "CW Minus 3 Volume"
    },
    "REG_CW_Minus_4_Volume__c": {
      "value": 176,
      "display": "176.0",
      "dataType": "Decimal",
      "label": "CW Minus 4 Volume"
    },
    "REG_CW_Minus_5_Volume__c": {
      "value": 56,
      "display": "56.0",
      "dataType": "Decimal",
      "label": "CW Minus 5 Volume"
    },
    "REG_CW_Minus_6_Volume__c": {
      "value": 414,
      "display": "414.0",
      "dataType": "Decimal",
      "label": "CW Minus 6 Volume"
    },
    "REG_CW_Minus_7_Volume__c": {
      "value": 385,
      "display": "385.0",
      "dataType": "Decimal",
      "label": "CW Minus 7 Volume"
    },
    "REG_CW_Minus_8_Volume__c": {
      "value": 360,
      "display": "360.0",
      "dataType": "Decimal",
      "label": "CW Minus 8 Volume"
    },
    "REG_CW_Minus_9_Volume__c": {
      "value": 494,
      "display": "494.0",
      "dataType": "Decimal",
      "label": "CW Minus 9 Volume"
    },
    "REG_CW_Minus_10_Volume__c": {
      "value": 150,
      "display": "150.0",
      "dataType": "Decimal",
      "label": "CW Minus 10 Volume"
    },
    "REG_CW_Minus_11_Volume__c": {
      "value": 494,
      "display": "494.0",
      "dataType": "Decimal",
      "label": "CW Minus 11 Volume"
    },
    "REG_CW_Minus_12_Volume__c": {
      "value": 229,
      "display": "229.0",
      "dataType": "Decimal",
      "label": "CW Minus 12 Volume"
    }
  }
]