[
  {
      "attributes": {
          "value": {
              "type": "Medical_Event_vod__c",
              "url": "/services/data/v52.0/sobjects/Medical_Event_vod__c/a0pUY000003rL6DYAU"
          },
          "display": {
              "type": "Medical_Event_vod__c",
              "url": "/services/data/v52.0/sobjects/Medical_Event_vod__c/a0pUY000003rL6DYAU"
          },
          "dataType": "string"
      },
      "Id": {
          "value": "a0pUY000003rL6DYAU",
          "display": "a0pUY000003rL6DYAU",
          "dataType": "string",
          "label": "Record ID"
      },
      "Name": {
          "value": "Mankato Clinic virtual program",
          "display": "Mankato Clinic virtual program",
          "dataType": "string",
          "label": "Event Name"
      },
      "PW_Product__c": {
          "value": "EYLEA® HD (aflibercept)",
          "display": "EYLEA® HD (aflibercept)",
          "dataType": "string",
          "label": "PW_Product"
      },
      "Status_vod__c": {
          "value": "Confirmed",
          "display": "Confirmed",
          "dataType": "string",
          "label": "Status"
      },
      "OwnerId": {
          "value": "005360000073MF6AAM",
          "display": "005360000073MF6AAM",
          "dataType": "string",
          "label": "Owner ID"
      },
      "PW_Event_Type__c": {
          "value": "Parent_Event-EYLEA PProg-Remote Webcast-In Office",
          "display": "Parent_Event-EYLEA PProg-Remote Webcast-In Office",
          "dataType": "string",
          "label": "PW_Event_Type"
      },
      "PW_Event_Format__c": {
          "value": "Virtual",
          "display": "Virtual",
          "dataType": "string",
          "label": "PW_Event_Format"
      },
      "End_Date_vod__c": {
          "value": "2025-05-20T18:30:00.000Z",
          "display": "2025-5-21",
          "dataType": "date",
          "label": "End Date"
      },
      "ID": {
          "value": "a0pUY000003rL6DYAU",
          "display": "a0pUY000003rL6DYAU",
          "dataType": "string"
      },
      "date": {
          "value": "2025-05-20T18:30:00.000Z",
          "display": "2025-5-21",
          "dataType": "date",
          "label": "End Date"
      }
  },
  {
      "attributes": {
          "value": {
              "type": "Medical_Event_vod__c",
              "url": "/services/data/v52.0/sobjects/Medical_Event_vod__c/a0pUY000003tnPlYAI"
          },
          "display": {
              "type": "Medical_Event_vod__c",
              "url": "/services/data/v52.0/sobjects/Medical_Event_vod__c/a0pUY000003tnPlYAI"
          },
          "dataType": "string"
      },
      "Id": {
          "value": "a0pUY000003tnPlYAI",
          "display": "a0pUY000003tnPlYAI",
          "dataType": "string",
          "label": "Record ID"
      },
      "Name": {
          "value": "Pacific Eye Surgery - Waipahu",
          "display": "Pacific Eye Surgery - Waipahu",
          "dataType": "string",
          "label": "Event Name"
      },
      "PW_Product__c": {
          "value": "EYLEA® HD (aflibercept)",
          "display": "EYLEA® HD (aflibercept)",
          "dataType": "string",
          "label": "PW_Product"
      },
      "Status_vod__c": {
          "value": "Confirmed",
          "display": "Confirmed",
          "dataType": "string",
          "label": "Status"
      },
      "OwnerId": {
          "value": "0050e000007HBZ1AAO",
          "display": "0050e000007HBZ1AAO",
          "dataType": "string",
          "label": "Owner ID"
      },
      "PW_Event_Type__c": {
          "value": "Parent_Event-EYLEA PProg-Remote Webcast-In Office",
          "display": "Parent_Event-EYLEA PProg-Remote Webcast-In Office",
          "dataType": "string",
          "label": "PW_Event_Type"
      },
      "PW_Event_Format__c": {
          "value": "Virtual",
          "display": "Virtual",
          "dataType": "string",
          "label": "PW_Event_Format"
      },
      "End_Date_vod__c": {
          "value": "2025-04-15T18:30:00.000Z",
          "display": "2025-4-16",
          "dataType": "date",
          "label": "End Date"
      },
      "ID": {
          "value": "a0pUY000003tnPlYAI",
          "display": "a0pUY000003tnPlYAI",
          "dataType": "string"
      },
      "date": {
          "value": "2025-04-15T18:30:00.000Z",
          "display": "2025-4-16",
          "dataType": "date",
          "label": "End Date"
      }
  },
  {
      "attributes": {
          "value": {
              "type": "Medical_Event_vod__c",
              "url": "/services/data/v52.0/sobjects/Medical_Event_vod__c/a0pUY000003vuyDYAQ"
          },
          "display": {
              "type": "Medical_Event_vod__c",
              "url": "/services/data/v52.0/sobjects/Medical_Event_vod__c/a0pUY000003vuyDYAQ"
          },
          "dataType": "string"
      },
      "Id": {
          "value": "a0pUY000003vuyDYAQ",
          "display": "a0pUY000003vuyDYAQ",
          "dataType": "string",
          "label": "Record ID"
      },
      "Name": {
          "value": "Rima Patel Virtual Event",
          "display": "Rima Patel Virtual Event",
          "dataType": "string",
          "label": "Event Name"
      },
      "PW_Product__c": {
          "value": "EYLEA® HD (aflibercept)",
          "display": "EYLEA® HD (aflibercept)",
          "dataType": "string",
          "label": "PW_Product"
      },
      "Status_vod__c": {
          "value": "Confirmed",
          "display": "Confirmed",
          "dataType": "string",
          "label": "Status"
      },
      "OwnerId": {
          "value": "0057V000009OrIHQA0",
          "display": "0057V000009OrIHQA0",
          "dataType": "string",
          "label": "Owner ID"
      },
      "PW_Event_Type__c": {
          "value": "Parent_Event-EYLEA PProg-Remote Webcast-In Office",
          "display": "Parent_Event-EYLEA PProg-Remote Webcast-In Office",
          "dataType": "string",
          "label": "PW_Event_Type"
      },
      "PW_Event_Format__c": {
          "value": "Virtual",
          "display": "Virtual",
          "dataType": "string",
          "label": "PW_Event_Format"
      },
      "End_Date_vod__c": {
          "value": "2025-04-23T18:30:00.000Z",
          "display": "2025-4-24",
          "dataType": "date",
          "label": "End Date"
      },
      "ID": {
          "value": "a0pUY000003vuyDYAQ",
          "display": "a0pUY000003vuyDYAQ",
          "dataType": "string"
      },
      "date": {
          "value": "2025-04-23T18:30:00.000Z",
          "display": "2025-4-24",
          "dataType": "date",
          "label": "End Date"
      }
  },
  {
      "attributes": {
          "value": {
              "type": "Medical_Event_vod__c",
              "url": "/services/data/v52.0/sobjects/Medical_Event_vod__c/a0pUY000003xdMzYAI"
          },
          "display": {
              "type": "Medical_Event_vod__c",
              "url": "/services/data/v52.0/sobjects/Medical_Event_vod__c/a0pUY000003xdMzYAI"
          },
          "dataType": "string"
      },
      "Id": {
          "value": "a0pUY000003xdMzYAI",
          "display": "a0pUY000003xdMzYAI",
          "dataType": "string",
          "label": "Record ID"
      },
      "Name": {
          "value": "Mid Atlantic Retina Virtual Eylea HD program",
          "display": "Mid Atlantic Retina Virtual Eylea HD program",
          "dataType": "string",
          "label": "Event Name"
      },
      "PW_Product__c": {
          "value": "EYLEA® HD (aflibercept)",
          "display": "EYLEA® HD (aflibercept)",
          "dataType": "string",
          "label": "PW_Product"
      },
      "Status_vod__c": {
          "value": "Confirmed",
          "display": "Confirmed",
          "dataType": "string",
          "label": "Status"
      },
      "OwnerId": {
          "value": "0050e000007HBYkAAO",
          "display": "0050e000007HBYkAAO",
          "dataType": "string",
          "label": "Owner ID"
      },
      "PW_Event_Type__c": {
          "value": "Parent_Event-Physician's Program-Remote Webcast-Out of Office",
          "display": "Parent_Event-Physician's Program-Remote Webcast-Out of Office",
          "dataType": "string",
          "label": "PW_Event_Type"
      },
      "PW_Event_Format__c": {
          "value": "Virtual",
          "display": "Virtual",
          "dataType": "string",
          "label": "PW_Event_Format"
      },
      "End_Date_vod__c": {
          "value": "2025-05-06T18:30:00.000Z",
          "display": "2025-5-7",
          "dataType": "date",
          "label": "End Date"
      },
      "ID": {
          "value": "a0pUY000003xdMzYAI",
          "display": "a0pUY000003xdMzYAI",
          "dataType": "string"
      },
      "date": {
          "value": "2025-05-06T18:30:00.000Z",
          "display": "2025-5-7",
          "dataType": "date",
          "label": "End Date"
      }
  },
  {
      "attributes": {
          "value": {
              "type": "Medical_Event_vod__c",
              "url": "/services/data/v52.0/sobjects/Medical_Event_vod__c/a0pUY000003zWUIYA2"
          },
          "display": {
              "type": "Medical_Event_vod__c",
              "url": "/services/data/v52.0/sobjects/Medical_Event_vod__c/a0pUY000003zWUIYA2"
          },
          "dataType": "string"
      },
      "Id": {
          "value": "a0pUY000003zWUIYA2",
          "display": "a0pUY000003zWUIYA2",
          "dataType": "string",
          "label": "Record ID"
      },
      "Name": {
          "value": "Tyler - Bochow dinner",
          "display": "Tyler - Bochow dinner",
          "dataType": "string",
          "label": "Event Name"
      },
      "PW_Product__c": {
          "value": "EYLEA® HD (aflibercept)",
          "display": "EYLEA® HD (aflibercept)",
          "dataType": "string",
          "label": "PW_Product"
      },
      "Status_vod__c": {
          "value": "Confirmed",
          "display": "Confirmed",
          "dataType": "string",
          "label": "Status"
      },
      "OwnerId": {
          "value": "0057V00000C96t8QAB",
          "display": "0057V00000C96t8QAB",
          "dataType": "string",
          "label": "Owner ID"
      },
      "PW_Event_Type__c": {
          "value": "Parent_Event-Retina Technician Program (RTP)-Remote Webcast-Out of Office",
          "display": "Parent_Event-Retina Technician Program (RTP)-Remote Webcast-Out of Office",
          "dataType": "string",
          "label": "PW_Event_Type"
      },
      "PW_Event_Format__c": {
          "value": "Virtual",
          "display": "Virtual",
          "dataType": "string",
          "label": "PW_Event_Format"
      },
      "End_Date_vod__c": {
          "value": "2025-05-13T18:30:00.000Z",
          "display": "2025-5-14",
          "dataType": "date",
          "label": "End Date"
      },
      "ID": {
          "value": "a0pUY000003zWUIYA2",
          "display": "a0pUY000003zWUIYA2",
          "dataType": "string"
      },
      "date": {
          "value": "2025-05-13T18:30:00.000Z",
          "display": "2025-5-14",
          "dataType": "date",
          "label": "End Date"
      }
  },
  {
      "attributes": {
          "value": {
              "type": "Medical_Event_vod__c",
              "url": "/services/data/v52.0/sobjects/Medical_Event_vod__c/a0pUY00000404HRYAY"
          },
          "display": {
              "type": "Medical_Event_vod__c",
              "url": "/services/data/v52.0/sobjects/Medical_Event_vod__c/a0pUY00000404HRYAY"
          },
          "dataType": "string"
      },
      "Id": {
          "value": "a0pUY00000404HRYAY",
          "display": "a0pUY00000404HRYAY",
          "dataType": "string",
          "label": "Record ID"
      },
      "Name": {
          "value": "Greensboro NC Program",
          "display": "Greensboro NC Program",
          "dataType": "string",
          "label": "Event Name"
      },
      "PW_Product__c": {
          "value": "EYLEA® HD (aflibercept)",
          "display": "EYLEA® HD (aflibercept)",
          "dataType": "string",
          "label": "PW_Product"
      },
      "Status_vod__c": {
          "value": "Confirmed",
          "display": "Confirmed",
          "dataType": "string",
          "label": "Status"
      },
      "OwnerId": {
          "value": "0050e000007HBYnAAO",
          "display": "0050e000007HBYnAAO",
          "dataType": "string",
          "label": "Owner ID"
      },
      "PW_Event_Type__c": {
          "value": "Parent_Event-EYLEA PProg-Remote Webcast-Out of Office",
          "display": "Parent_Event-EYLEA PProg-Remote Webcast-Out of Office",
          "dataType": "string",
          "label": "PW_Event_Type"
      },
      "PW_Event_Format__c": {
          "value": "Virtual",
          "display": "Virtual",
          "dataType": "string",
          "label": "PW_Event_Format"
      },
      "End_Date_vod__c": {
          "value": "2025-04-29T18:30:00.000Z",
          "display": "2025-4-30",
          "dataType": "date",
          "label": "End Date"
      },
      "ID": {
          "value": "a0pUY00000404HRYAY",
          "display": "a0pUY00000404HRYAY",
          "dataType": "string"
      },
      "date": {
          "value": "2025-04-29T18:30:00.000Z",
          "display": "2025-4-30",
          "dataType": "date",
          "label": "End Date"
      }
  },
  {
      "attributes": {
          "value": {
              "type": "Medical_Event_vod__c",
              "url": "/services/data/v52.0/sobjects/Medical_Event_vod__c/a0pUY0000040LGfYAM"
          },
          "display": {
              "type": "Medical_Event_vod__c",
              "url": "/services/data/v52.0/sobjects/Medical_Event_vod__c/a0pUY0000040LGfYAM"
          },
          "dataType": "string"
      },
      "Id": {
          "value": "a0pUY0000040LGfYAM",
          "display": "a0pUY0000040LGfYAM",
          "dataType": "string",
          "label": "Record ID"
      },
      "Name": {
          "value": "MomPremier Eye Institute virtual program",
          "display": "MomPremier Eye Institute virtual program",
          "dataType": "string",
          "label": "Event Name"
      },
      "PW_Product__c": {
          "value": "EYLEA® HD (aflibercept)",
          "display": "EYLEA® HD (aflibercept)",
          "dataType": "string",
          "label": "PW_Product"
      },
      "Status_vod__c": {
          "value": "Confirmed",
          "display": "Confirmed",
          "dataType": "string",
          "label": "Status"
      },
      "OwnerId": {
          "value": "005UY000003K7LOYA0",
          "display": "005UY000003K7LOYA0",
          "dataType": "string",
          "label": "Owner ID"
      },
      "PW_Event_Type__c": {
          "value": "Parent_Event-EYLEA PProg-Remote Webcast-In Office",
          "display": "Parent_Event-EYLEA PProg-Remote Webcast-In Office",
          "dataType": "string",
          "label": "PW_Event_Type"
      },
      "PW_Event_Format__c": {
          "value": "Virtual",
          "display": "Virtual",
          "dataType": "string",
          "label": "PW_Event_Format"
      },
      "End_Date_vod__c": {
          "value": "2025-04-28T18:30:00.000Z",
          "display": "2025-4-29",
          "dataType": "date",
          "label": "End Date"
      },
      "ID": {
          "value": "a0pUY0000040LGfYAM",
          "display": "a0pUY0000040LGfYAM",
          "dataType": "string"
      },
      "date": {
          "value": "2025-04-28T18:30:00.000Z",
          "display": "2025-4-29",
          "dataType": "date",
          "label": "End Date"
      }
  },
  {
      "attributes": {
          "value": {
              "type": "Medical_Event_vod__c",
              "url": "/services/data/v52.0/sobjects/Medical_Event_vod__c/a0pUY0000043Gh3YAE"
          },
          "display": {
              "type": "Medical_Event_vod__c",
              "url": "/services/data/v52.0/sobjects/Medical_Event_vod__c/a0pUY0000043Gh3YAE"
          },
          "dataType": "string"
      },
      "Id": {
          "value": "a0pUY0000043Gh3YAE",
          "display": "a0pUY0000043Gh3YAE",
          "dataType": "string",
          "label": "Record ID"
      },
      "Name": {
          "value": "Asheville Eye Virtual Program",
          "display": "Asheville Eye Virtual Program",
          "dataType": "string",
          "label": "Event Name"
      },
      "PW_Product__c": {
          "value": "EYLEA® HD (aflibercept)",
          "display": "EYLEA® HD (aflibercept)",
          "dataType": "string",
          "label": "PW_Product"
      },
      "Status_vod__c": {
          "value": "Confirmed",
          "display": "Confirmed",
          "dataType": "string",
          "label": "Status"
      },
      "OwnerId": {
          "value": "0050e000007HBYnAAO",
          "display": "0050e000007HBYnAAO",
          "dataType": "string",
          "label": "Owner ID"
      },
      "PW_Event_Type__c": {
          "value": "Parent_Event-EYLEA PProg-Remote Webcast-In Office",
          "display": "Parent_Event-EYLEA PProg-Remote Webcast-In Office",
          "dataType": "string",
          "label": "PW_Event_Type"
      },
      "PW_Event_Format__c": {
          "value": "Virtual",
          "display": "Virtual",
          "dataType": "string",
          "label": "PW_Event_Format"
      },
      "End_Date_vod__c": {
          "value": "2025-05-13T18:30:00.000Z",
          "display": "2025-5-14",
          "dataType": "date",
          "label": "End Date"
      },
      "ID": {
          "value": "a0pUY0000043Gh3YAE",
          "display": "a0pUY0000043Gh3YAE",
          "dataType": "string"
      },
      "date": {
          "value": "2025-05-13T18:30:00.000Z",
          "display": "2025-5-14",
          "dataType": "date",
          "label": "End Date"
      }
  },
  {
      "attributes": {
          "value": {
              "type": "Medical_Event_vod__c",
              "url": "/services/data/v52.0/sobjects/Medical_Event_vod__c/a0pUY0000043LK9YAM"
          },
          "display": {
              "type": "Medical_Event_vod__c",
              "url": "/services/data/v52.0/sobjects/Medical_Event_vod__c/a0pUY0000043LK9YAM"
          },
          "dataType": "string"
      },
      "Id": {
          "value": "a0pUY0000043LK9YAM",
          "display": "a0pUY0000043LK9YAM",
          "dataType": "string",
          "label": "Record ID"
      },
      "Name": {
          "value": "North Brunswick, NJ - Virtual Lunch",
          "display": "North Brunswick, NJ - Virtual Lunch",
          "dataType": "string",
          "label": "Event Name"
      },
      "PW_Product__c": {
          "value": "EYLEA® HD (aflibercept)",
          "display": "EYLEA® HD (aflibercept)",
          "dataType": "string",
          "label": "PW_Product"
      },
      "Status_vod__c": {
          "value": "Confirmed",
          "display": "Confirmed",
          "dataType": "string",
          "label": "Status"
      },
      "OwnerId": {
          "value": "005360000073MFZAA2",
          "display": "005360000073MFZAA2",
          "dataType": "string",
          "label": "Owner ID"
      },
      "PW_Event_Type__c": {
          "value": "Parent_Event-EYLEA PProg-Remote Webcast-In Office",
          "display": "Parent_Event-EYLEA PProg-Remote Webcast-In Office",
          "dataType": "string",
          "label": "PW_Event_Type"
      },
      "PW_Event_Format__c": {
          "value": "Virtual",
          "display": "Virtual",
          "dataType": "string",
          "label": "PW_Event_Format"
      },
      "End_Date_vod__c": {
          "value": "2025-05-13T18:30:00.000Z",
          "display": "2025-5-14",
          "dataType": "date",
          "label": "End Date"
      },
      "ID": {
          "value": "a0pUY0000043LK9YAM",
          "display": "a0pUY0000043LK9YAM",
          "dataType": "string"
      },
      "date": {
          "value": "2025-05-13T18:30:00.000Z",
          "display": "2025-5-14",
          "dataType": "date",
          "label": "End Date"
      }
  },
  {
      "attributes": {
          "value": {
              "type": "Medical_Event_vod__c",
              "url": "/services/data/v52.0/sobjects/Medical_Event_vod__c/a0pUY0000044GK1YAM"
          },
          "display": {
              "type": "Medical_Event_vod__c",
              "url": "/services/data/v52.0/sobjects/Medical_Event_vod__c/a0pUY0000044GK1YAM"
          },
          "dataType": "string"
      },
      "Id": {
          "value": "a0pUY0000044GK1YAM",
          "display": "a0pUY0000044GK1YAM",
          "dataType": "string",
          "label": "Record ID"
      },
      "Name": {
          "value": "Kresge Eye Institute - Taylor",
          "display": "Kresge Eye Institute - Taylor",
          "dataType": "string",
          "label": "Event Name"
      },
      "PW_Product__c": {
          "value": "EYLEA® HD (aflibercept)",
          "display": "EYLEA® HD (aflibercept)",
          "dataType": "string",
          "label": "PW_Product"
      },
      "Status_vod__c": {
          "value": "Confirmed",
          "display": "Confirmed",
          "dataType": "string",
          "label": "Status"
      },
      "OwnerId": {
          "value": "0057V0000083ui7QAA",
          "display": "0057V0000083ui7QAA",
          "dataType": "string",
          "label": "Owner ID"
      },
      "PW_Event_Type__c": {
          "value": "Parent_Event-Physician's Program-Remote Webcast-In Office",
          "display": "Parent_Event-Physician's Program-Remote Webcast-In Office",
          "dataType": "string",
          "label": "PW_Event_Type"
      },
      "PW_Event_Format__c": {
          "value": "Virtual",
          "display": "Virtual",
          "dataType": "string",
          "label": "PW_Event_Format"
      },
      "End_Date_vod__c": {
          "value": "2025-05-12T18:30:00.000Z",
          "display": "2025-5-13",
          "dataType": "date",
          "label": "End Date"
      },
      "ID": {
          "value": "a0pUY0000044GK1YAM",
          "display": "a0pUY0000044GK1YAM",
          "dataType": "string"
      },
      "date": {
          "value": "2025-05-12T18:30:00.000Z",
          "display": "2025-5-13",
          "dataType": "date",
          "label": "End Date"
      }
  },
  {
      "attributes": {
          "value": {
              "type": "Medical_Event_vod__c",
              "url": "/services/data/v52.0/sobjects/Medical_Event_vod__c/a0pUY0000045lNNYAY"
          },
          "display": {
              "type": "Medical_Event_vod__c",
              "url": "/services/data/v52.0/sobjects/Medical_Event_vod__c/a0pUY0000045lNNYAY"
          },
          "dataType": "string"
      },
      "Id": {
          "value": "a0pUY0000045lNNYAY",
          "display": "a0pUY0000045lNNYAY",
          "dataType": "string",
          "label": "Record ID"
      },
      "Name": {
          "value": "Hudson Valley Virtual Program",
          "display": "Hudson Valley Virtual Program",
          "dataType": "string",
          "label": "Event Name"
      },
      "PW_Product__c": {
          "value": "EYLEA® HD (aflibercept)",
          "display": "EYLEA® HD (aflibercept)",
          "dataType": "string",
          "label": "PW_Product"
      },
      "Status_vod__c": {
          "value": "Confirmed",
          "display": "Confirmed",
          "dataType": "string",
          "label": "Status"
      },
      "OwnerId": {
          "value": "0050e000006MRBwAAO",
          "display": "0050e000006MRBwAAO",
          "dataType": "string",
          "label": "Owner ID"
      },
      "PW_Event_Type__c": {
          "value": "Parent_Event-Physician's Program-Remote Webcast-In Office",
          "display": "Parent_Event-Physician's Program-Remote Webcast-In Office",
          "dataType": "string",
          "label": "PW_Event_Type"
      },
      "PW_Event_Format__c": {
          "value": "Virtual",
          "display": "Virtual",
          "dataType": "string",
          "label": "PW_Event_Format"
      },
      "End_Date_vod__c": {
          "value": "2025-06-05T18:30:00.000Z",
          "display": "2025-6-6",
          "dataType": "date",
          "label": "End Date"
      },
      "ID": {
          "value": "a0pUY0000045lNNYAY",
          "display": "a0pUY0000045lNNYAY",
          "dataType": "string"
      },
      "date": {
          "value": "2025-06-05T18:30:00.000Z",
          "display": "2025-6-6",
          "dataType": "date",
          "label": "End Date"
      }
  }
]