[
  {
    "attributes": {
      "value": {
        "type": "REG_RegionalAverage__c",
        "url": "/services/data/v52.0/sobjects/REG_RegionalAverage__c/a7TTI0000002YK92AM"
      },
      "display": {
        "type": "REG_RegionalAverage__c",
        "url": "/services/data/v52.0/sobjects/REG_RegionalAverage__c/a7TTI0000002YK92AM"
      },
      "dataType": "string"
    },
    "Id": {
      "value": "a7TTI0000002YK92AM",
      "display": "a7TTI0000002YK92AM",
      "dataType": "string",
      "label": "Record ID"
    },
    "REG_Region__c": {
      "value": "West",
      "display": "West",
      "dataType": "string",
      "label": "Region Name"
    },
    "REG_OverallRegPerQTD__c": {
      "value": 43.3,
      "display": 43.3,
      "dataType": "string",
      "label": "Overall Regional % EYLEA HD QTD"
    },
    "REG_OverallRegPerC13W__c": {
      "value": 42.3,
      "display": 42.3,
      "dataType": "string",
      "label": "Overall Regional % EYLEA HD C13W"
    },
    "REG_Q1RegPerQTD__c": {
      "value": 35,
      "display": 35,
      "dataType": "string",
      "label": "Regional Quintile 1 QTD % EYLEA HD"
    },
    "REG_Q2RegPerQTD__c": {
      "value": 26.8,
      "display": 26.8,
      "dataType": "string",
      "label": "Regional Quintile 2 QTD % EYLEA HD"
    },
    "REG_Q3RegPerQTD__c": {
      "value": 43.3,
      "display": 43.3,
      "dataType": "string",
      "label": "Regional Quintile 3 QTD % EYLEA HD"
    },
    "REG_Q4RegPerQTD__c": {
      "value": 24.4,
      "display": 24.4,
      "dataType": "string",
      "label": "Regional Quintile 4 QTD % EYLEA HD"
    },
    "REG_Q5RegPerQTD__c": {
      "value": 59.1,
      "display": 59.1,
      "dataType": "string",
      "label": "Regional Quintile 5 QTD % EYLEA HD"
    },
    "REG_Q1RegPerC13W__c": {
      "value": 34.8,
      "display": 34.8,
      "dataType": "string",
      "label": "Regional Quintile 1 C13W % EYLEA HD"
    },
    "REG_Q2RegPerC13W__c": {
      "value": 25.4,
      "display": 25.4,
      "dataType": "string",
      "label": "Regional Quintile 2 C13W % EYLEA HD"
    },
    "REG_Q3RegPerC13W__c": {
      "value": 41.8,
      "display": 41.8,
      "dataType": "string",
      "label": "Regional Quintile 3 C13W % EYLEA HD"
    },
    "REG_Q4RegPerC13W__c": {
      "value": 24.6,
      "display": 24.6,
      "dataType": "string",
      "label": "Regional Quintile 4 C13W % EYLEA HD"
    },
    "REG_Q5RegPerC13W__c": {
      "value": 58,
      "display": 58,
      "dataType": "string",
      "label": "Regional Quintile 5 C13W % EYLEA HD"
    },
    "REG_Subject__c": {
      "value": "BV",
      "display": "BV",
      "dataType": "string",
      "label": "Subject"
    },
    "ID": {
      "value": "a7TTI0000002YK92AM",
      "display": "a7TTI0000002YK92AM",
      "dataType": "string"
    }
  },
  {
    "attributes": {
      "value": {
        "type": "REG_RegionalAverage__c",
        "url": "/services/data/v52.0/sobjects/REG_RegionalAverage__c/a7TTI0000002YKA2A2"
      },
      "display": {
        "type": "REG_RegionalAverage__c",
        "url": "/services/data/v52.0/sobjects/REG_RegionalAverage__c/a7TTI0000002YKA2A2"
      },
      "dataType": "string"
    },
    "Id": {
      "value": "a7TTI0000002YKA2A2",
      "display": "a7TTI0000002YKA2A2",
      "dataType": "string",
      "label": "Record ID"
    },
    "REG_Region__c": {
      "value": "Southwest",
      "display": "Southwest",
      "dataType": "string",
      "label": "Region Name"
    },
    "REG_OverallRegPerQTD__c": {
      "value": 45.2,
      "display": 45.2,
      "dataType": "string",
      "label": "Overall Regional % EYLEA HD QTD"
    },
    "REG_OverallRegPerC13W__c": {
      "value": 44,
      "display": 44,
      "dataType": "string",
      "label": "Overall Regional % EYLEA HD C13W"
    },
    "REG_Q1RegPerQTD__c": {
      "value": 36.3,
      "display": 36.3,
      "dataType": "string",
      "label": "Regional Quintile 1 QTD % EYLEA HD"
    },
    "REG_Q2RegPerQTD__c": {
      "value": 16,
      "display": 16,
      "dataType": "string",
      "label": "Regional Quintile 2 QTD % EYLEA HD"
    },
    "REG_Q3RegPerQTD__c": {
      "value": 45.2,
      "display": 45.2,
      "dataType": "string",
      "label": "Regional Quintile 3 QTD % EYLEA HD"
    },
    "REG_Q4RegPerQTD__c": {
      "value": 10.2,
      "display": 10.2,
      "dataType": "string",
      "label": "Regional Quintile 4 QTD % EYLEA HD"
    },
    "REG_Q5RegPerQTD__c": {
      "value": 61.1,
      "display": 61.1,
      "dataType": "string",
      "label": "Regional Quintile 5 QTD % EYLEA HD"
    },
    "REG_Q1RegPerC13W__c": {
      "value": 35.3,
      "display": 35.3,
      "dataType": "string",
      "label": "Regional Quintile 1 C13W % EYLEA HD"
    },
    "REG_Q2RegPerC13W__c": {
      "value": 16.4,
      "display": 16.4,
      "dataType": "string",
      "label": "Regional Quintile 2 C13W % EYLEA HD"
    },
    "REG_Q3RegPerC13W__c": {
      "value": 43.9,
      "display": 43.9,
      "dataType": "string",
      "label": "Regional Quintile 3 C13W % EYLEA HD"
    },
    "REG_Q4RegPerC13W__c": {
      "value": 9.7,
      "display": 9.7,
      "dataType": "string",
      "label": "Regional Quintile 4 C13W % EYLEA HD"
    },
    "REG_Q5RegPerC13W__c": {
      "value": 60,
      "display": 60,
      "dataType": "string",
      "label": "Regional Quintile 5 C13W % EYLEA HD"
    },
    "REG_Subject__c": {
      "value": "BV",
      "display": "BV",
      "dataType": "string",
      "label": "Subject"
    },
    "ID": {
      "value": "a7TTI0000002YKA2A2",
      "display": "a7TTI0000002YKA2A2",
      "dataType": "string"
    }
  },
  {
    "attributes": {
      "value": {
        "type": "REG_RegionalAverage__c",
        "url": "/services/data/v52.0/sobjects/REG_RegionalAverage__c/a7TTI0000002YKB2A2"
      },
      "display": {
        "type": "REG_RegionalAverage__c",
        "url": "/services/data/v52.0/sobjects/REG_RegionalAverage__c/a7TTI0000002YKB2A2"
      },
      "dataType": "string"
    },
    "Id": {
      "value": "a7TTI0000002YKB2A2",
      "display": "a7TTI0000002YKB2A2",
      "dataType": "string",
      "label": "Record ID"
    },
    "REG_Region__c": {
      "value": "Northeast",
      "display": "Northeast",
      "dataType": "string",
      "label": "Region Name"
    },
    "REG_OverallRegPerQTD__c": {
      "value": 41.8,
      "display": 41.8,
      "dataType": "string",
      "label": "Overall Regional % EYLEA HD QTD"
    },
    "REG_OverallRegPerC13W__c": {
      "value": 41.4,
      "display": 41.4,
      "dataType": "string",
      "label": "Overall Regional % EYLEA HD C13W"
    },
    "REG_Q1RegPerQTD__c": {
      "value": 34,
      "display": 34,
      "dataType": "string",
      "label": "Regional Quintile 1 QTD % EYLEA HD"
    },
    "REG_Q2RegPerQTD__c": {
      "value": 59.9,
      "display": 59.9,
      "dataType": "string",
      "label": "Regional Quintile 2 QTD % EYLEA HD"
    },
    "REG_Q3RegPerQTD__c": {
      "value": 37.2,
      "display": 37.2,
      "dataType": "string",
      "label": "Regional Quintile 3 QTD % EYLEA HD"
    },
    "REG_Q4RegPerQTD__c": {
      "value": 34.3,
      "display": 34.3,
      "dataType": "string",
      "label": "Regional Quintile 4 QTD % EYLEA HD"
    },
    "REG_Q5RegPerQTD__c": {
      "value": 52.1,
      "display": 52.1,
      "dataType": "string",
      "label": "Regional Quintile 5 QTD % EYLEA HD"
    },
    "REG_Q1RegPerC13W__c": {
      "value": 33.4,
      "display": 33.4,
      "dataType": "string",
      "label": "Regional Quintile 1 C13W % EYLEA HD"
    },
    "REG_Q2RegPerC13W__c": {
      "value": 57.9,
      "display": 57.9,
      "dataType": "string",
      "label": "Regional Quintile 2 C13W % EYLEA HD"
    },
    "REG_Q3RegPerC13W__c": {
      "value": 37.4,
      "display": 37.4,
      "dataType": "string",
      "label": "Regional Quintile 3 C13W % EYLEA HD"
    },
    "REG_Q4RegPerC13W__c": {
      "value": 34.1,
      "display": 34.1,
      "dataType": "string",
      "label": "Regional Quintile 4 C13W % EYLEA HD"
    },
    "REG_Q5RegPerC13W__c": {
      "value": 51.2,
      "display": 51.2,
      "dataType": "string",
      "label": "Regional Quintile 5 C13W % EYLEA HD"
    },
    "REG_Subject__c": {
      "value": "BV",
      "display": "BV",
      "dataType": "string",
      "label": "Subject"
    },
    "ID": {
      "value": "a7TTI0000002YKB2A2",
      "display": "a7TTI0000002YKB2A2",
      "dataType": "string"
    }
  },
  {
    "attributes": {
      "value": {
        "type": "REG_RegionalAverage__c",
        "url": "/services/data/v52.0/sobjects/REG_RegionalAverage__c/a7TTI0000002YKC2A2"
      },
      "display": {
        "type": "REG_RegionalAverage__c",
        "url": "/services/data/v52.0/sobjects/REG_RegionalAverage__c/a7TTI0000002YKC2A2"
      },
      "dataType": "string"
    },
    "Id": {
      "value": "a7TTI0000002YKC2A2",
      "display": "a7TTI0000002YKC2A2",
      "dataType": "string",
      "label": "Record ID"
    },
    "REG_Region__c": {
      "value": "Great Lakes",
      "display": "Great Lakes",
      "dataType": "string",
      "label": "Region Name"
    },
    "REG_OverallRegPerQTD__c": {
      "value": 36.4,
      "display": 36.4,
      "dataType": "string",
      "label": "Overall Regional % EYLEA HD QTD"
    },
    "REG_OverallRegPerC13W__c": {
      "value": 35.4,
      "display": 35.4,
      "dataType": "string",
      "label": "Overall Regional % EYLEA HD C13W"
    },
    "REG_Q1RegPerQTD__c": {
      "value": 41.6,
      "display": 41.6,
      "dataType": "string",
      "label": "Regional Quintile 1 QTD % EYLEA HD"
    },
    "REG_Q2RegPerQTD__c": {
      "value": 33.8,
      "display": 33.8,
      "dataType": "string",
      "label": "Regional Quintile 2 QTD % EYLEA HD"
    },
    "REG_Q3RegPerQTD__c": {
      "value": 18.5,
      "display": 18.5,
      "dataType": "string",
      "label": "Regional Quintile 3 QTD % EYLEA HD"
    },
    "REG_Q4RegPerQTD__c": {
      "value": 24.9,
      "display": 24.9,
      "dataType": "string",
      "label": "Regional Quintile 4 QTD % EYLEA HD"
    },
    "REG_Q5RegPerQTD__c": {
      "value": 38,
      "display": 38,
      "dataType": "string",
      "label": "Regional Quintile 5 QTD % EYLEA HD"
    },
    "REG_Q1RegPerC13W__c": {
      "value": 39.8,
      "display": 39.8,
      "dataType": "string",
      "label": "Regional Quintile 1 C13W % EYLEA HD"
    },
    "REG_Q2RegPerC13W__c": {
      "value": 30.9,
      "display": 30.9,
      "dataType": "string",
      "label": "Regional Quintile 2 C13W % EYLEA HD"
    },
    "REG_Q3RegPerC13W__c": {
      "value": 18,
      "display": 18,
      "dataType": "string",
      "label": "Regional Quintile 3 C13W % EYLEA HD"
    },
    "REG_Q4RegPerC13W__c": {
      "value": 24.6,
      "display": 24.6,
      "dataType": "string",
      "label": "Regional Quintile 4 C13W % EYLEA HD"
    },
    "REG_Q5RegPerC13W__c": {
      "value": 38.2,
      "display": 38.2,
      "dataType": "string",
      "label": "Regional Quintile 5 C13W % EYLEA HD"
    },
    "REG_Subject__c": {
      "value": "BV",
      "display": "BV",
      "dataType": "string",
      "label": "Subject"
    },
    "ID": {
      "value": "a7TTI0000002YKC2A2",
      "display": "a7TTI0000002YKC2A2",
      "dataType": "string"
    }
  },
  {
    "attributes": {
      "value": {
        "type": "REG_RegionalAverage__c",
        "url": "/services/data/v52.0/sobjects/REG_RegionalAverage__c/a7TTI0000002YKD2A2"
      },
      "display": {
        "type": "REG_RegionalAverage__c",
        "url": "/services/data/v52.0/sobjects/REG_RegionalAverage__c/a7TTI0000002YKD2A2"
      },
      "dataType": "string"
    },
    "Id": {
      "value": "a7TTI0000002YKD2A2",
      "display": "a7TTI0000002YKD2A2",
      "dataType": "string",
      "label": "Record ID"
    },
    "REG_Region__c": {
      "value": "Mid-Atlantic",
      "display": "Mid-Atlantic",
      "dataType": "string",
      "label": "Region Name"
    },
    "REG_OverallRegPerQTD__c": {
      "value": 27.2,
      "display": 27.2,
      "dataType": "string",
      "label": "Overall Regional % EYLEA HD QTD"
    },
    "REG_OverallRegPerC13W__c": {
      "value": 30.1,
      "display": 30.1,
      "dataType": "string",
      "label": "Overall Regional % EYLEA HD C13W"
    },
    "REG_Q1RegPerQTD__c": {
      "value": 25.5,
      "display": 25.5,
      "dataType": "string",
      "label": "Regional Quintile 1 QTD % EYLEA HD"
    },
    "REG_Q2RegPerQTD__c": {
      "value": 21.6,
      "display": 21.6,
      "dataType": "string",
      "label": "Regional Quintile 2 QTD % EYLEA HD"
    },
    "REG_Q3RegPerQTD__c": {
      "value": 25.5,
      "display": 25.5,
      "dataType": "string",
      "label": "Regional Quintile 3 QTD % EYLEA HD"
    },
    "REG_Q4RegPerQTD__c": {
      "value": 29.3,
      "display": 29.3,
      "dataType": "string",
      "label": "Regional Quintile 4 QTD % EYLEA HD"
    },
    "REG_Q5RegPerQTD__c": {
      "value": 32.3,
      "display": 32.3,
      "dataType": "string",
      "label": "Regional Quintile 5 QTD % EYLEA HD"
    },
    "REG_Q1RegPerC13W__c": {
      "value": 25.8,
      "display": 25.8,
      "dataType": "string",
      "label": "Regional Quintile 1 C13W % EYLEA HD"
    },
    "REG_Q2RegPerC13W__c": {
      "value": 22.1,
      "display": 22.1,
      "dataType": "string",
      "label": "Regional Quintile 2 C13W % EYLEA HD"
    },
    "REG_Q3RegPerC13W__c": {
      "value": 26.5,
      "display": 26.5,
      "dataType": "string",
      "label": "Regional Quintile 3 C13W % EYLEA HD"
    },
    "REG_Q4RegPerC13W__c": {
      "value": 35,
      "display": 35,
      "dataType": "string",
      "label": "Regional Quintile 4 C13W % EYLEA HD"
    },
    "REG_Q5RegPerC13W__c": {
      "value": 36.8,
      "display": 36.8,
      "dataType": "string",
      "label": "Regional Quintile 5 C13W % EYLEA HD"
    },
    "REG_Subject__c": {
      "value": "units",
      "display": "units",
      "dataType": "string",
      "label": "Subject"
    },
    "ID": {
      "value": "a7TTI0000002YKD2A2",
      "display": "a7TTI0000002YKD2A2",
      "dataType": "string"
    }
  },
  {
    "attributes": {
      "value": {
        "type": "REG_RegionalAverage__c",
        "url": "/services/data/v52.0/sobjects/REG_RegionalAverage__c/a7TTI0000002YKE2A2"
      },
      "display": {
        "type": "REG_RegionalAverage__c",
        "url": "/services/data/v52.0/sobjects/REG_RegionalAverage__c/a7TTI0000002YKE2A2"
      },
      "dataType": "string"
    },
    "Id": {
      "value": "a7TTI0000002YKE2A2",
      "display": "a7TTI0000002YKE2A2",
      "dataType": "string",
      "label": "Record ID"
    },
    "REG_Region__c": {
      "value": "North Central",
      "display": "North Central",
      "dataType": "string",
      "label": "Region Name"
    },
    "REG_OverallRegPerQTD__c": {
      "value": 16.9,
      "display": 16.9,
      "dataType": "string",
      "label": "Overall Regional % EYLEA HD QTD"
    },
    "REG_OverallRegPerC13W__c": {
      "value": 16.9,
      "display": 16.9,
      "dataType": "string",
      "label": "Overall Regional % EYLEA HD C13W"
    },
    "REG_Q1RegPerQTD__c": {
      "value": 18.9,
      "display": 18.9,
      "dataType": "string",
      "label": "Regional Quintile 1 QTD % EYLEA HD"
    },
    "REG_Q2RegPerQTD__c": {
      "value": 17.3,
      "display": 17.3,
      "dataType": "string",
      "label": "Regional Quintile 2 QTD % EYLEA HD"
    },
    "REG_Q3RegPerQTD__c": {
      "value": 12.3,
      "display": 12.3,
      "dataType": "string",
      "label": "Regional Quintile 3 QTD % EYLEA HD"
    },
    "REG_Q4RegPerQTD__c": {
      "value": 17.9,
      "display": 17.9,
      "dataType": "string",
      "label": "Regional Quintile 4 QTD % EYLEA HD"
    },
    "REG_Q5RegPerQTD__c": {
      "value": 18.7,
      "display": 18.7,
      "dataType": "string",
      "label": "Regional Quintile 5 QTD % EYLEA HD"
    },
    "REG_Q1RegPerC13W__c": {
      "value": 19.1,
      "display": 19.1,
      "dataType": "string",
      "label": "Regional Quintile 1 C13W % EYLEA HD"
    },
    "REG_Q2RegPerC13W__c": {
      "value": 18.1,
      "display": 18.1,
      "dataType": "string",
      "label": "Regional Quintile 2 C13W % EYLEA HD"
    },
    "REG_Q3RegPerC13W__c": {
      "value": 12.2,
      "display": 12.2,
      "dataType": "string",
      "label": "Regional Quintile 3 C13W % EYLEA HD"
    },
    "REG_Q4RegPerC13W__c": {
      "value": 17.3,
      "display": 17.3,
      "dataType": "string",
      "label": "Regional Quintile 4 C13W % EYLEA HD"
    },
    "REG_Q5RegPerC13W__c": {
      "value": 17.9,
      "display": 17.9,
      "dataType": "string",
      "label": "Regional Quintile 5 C13W % EYLEA HD"
    },
    "REG_Subject__c": {
      "value": "units",
      "display": "units",
      "dataType": "string",
      "label": "Subject"
    },
    "ID": {
      "value": "a7TTI0000002YKE2A2",
      "display": "a7TTI0000002YKE2A2",
      "dataType": "string"
    }
  },
  {
    "attributes": {
      "value": {
        "type": "REG_RegionalAverage__c",
        "url": "/services/data/v52.0/sobjects/REG_RegionalAverage__c/a7TTI0000002YKF2A2"
      },
      "display": {
        "type": "REG_RegionalAverage__c",
        "url": "/services/data/v52.0/sobjects/REG_RegionalAverage__c/a7TTI0000002YKF2A2"
      },
      "dataType": "string"
    },
    "Id": {
      "value": "a7TTI0000002YKF2A2",
      "display": "a7TTI0000002YKF2A2",
      "dataType": "string",
      "label": "Record ID"
    },
    "REG_Region__c": {
      "value": "Great Lakes",
      "display": "Great Lakes",
      "dataType": "string",
      "label": "Region Name"
    },
    "REG_OverallRegPerQTD__c": {
      "value": 17.4,
      "display": 17.4,
      "dataType": "string",
      "label": "Overall Regional % EYLEA HD QTD"
    },
    "REG_OverallRegPerC13W__c": {
      "value": 17.5,
      "display": 17.5,
      "dataType": "string",
      "label": "Overall Regional % EYLEA HD C13W"
    },
    "REG_Q1RegPerQTD__c": {
      "value": 16.5,
      "display": 16.5,
      "dataType": "string",
      "label": "Regional Quintile 1 QTD % EYLEA HD"
    },
    "REG_Q2RegPerQTD__c": {
      "value": 15.4,
      "display": 15.4,
      "dataType": "string",
      "label": "Regional Quintile 2 QTD % EYLEA HD"
    },
    "REG_Q3RegPerQTD__c": {
      "value": 13.5,
      "display": 13.5,
      "dataType": "string",
      "label": "Regional Quintile 3 QTD % EYLEA HD"
    },
    "REG_Q4RegPerQTD__c": {
      "value": 15.5,
      "display": 15.5,
      "dataType": "string",
      "label": "Regional Quintile 4 QTD % EYLEA HD"
    },
    "REG_Q5RegPerQTD__c": {
      "value": 21.3,
      "display": 21.3,
      "dataType": "string",
      "label": "Regional Quintile 5 QTD % EYLEA HD"
    },
    "REG_Q1RegPerC13W__c": {
      "value": 16.4,
      "display": 16.4,
      "dataType": "string",
      "label": "Regional Quintile 1 C13W % EYLEA HD"
    },
    "REG_Q2RegPerC13W__c": {
      "value": 15.9,
      "display": 15.9,
      "dataType": "string",
      "label": "Regional Quintile 2 C13W % EYLEA HD"
    },
    "REG_Q3RegPerC13W__c": {
      "value": 13.3,
      "display": 13.3,
      "dataType": "string",
      "label": "Regional Quintile 3 C13W % EYLEA HD"
    },
    "REG_Q4RegPerC13W__c": {
      "value": 15.6,
      "display": 15.6,
      "dataType": "string",
      "label": "Regional Quintile 4 C13W % EYLEA HD"
    },
    "REG_Q5RegPerC13W__c": {
      "value": 21.6,
      "display": 21.6,
      "dataType": "string",
      "label": "Regional Quintile 5 C13W % EYLEA HD"
    },
    "REG_Subject__c": {
      "value": "units",
      "display": "units",
      "dataType": "string",
      "label": "Subject"
    },
    "ID": {
      "value": "a7TTI0000002YKF2A2",
      "display": "a7TTI0000002YKF2A2",
      "dataType": "string"
    }
  },
  {
    "attributes": {
      "value": {
        "type": "REG_RegionalAverage__c",
        "url": "/services/data/v52.0/sobjects/REG_RegionalAverage__c/a7TTI0000002YKG2A2"
      },
      "display": {
        "type": "REG_RegionalAverage__c",
        "url": "/services/data/v52.0/sobjects/REG_RegionalAverage__c/a7TTI0000002YKG2A2"
      },
      "dataType": "string"
    },
    "Id": {
      "value": "a7TTI0000002YKG2A2",
      "display": "a7TTI0000002YKG2A2",
      "dataType": "string",
      "label": "Record ID"
    },
    "REG_Region__c": {
      "value": "Midwest",
      "display": "Midwest",
      "dataType": "string",
      "label": "Region Name"
    },
    "REG_OverallRegPerQTD__c": {
      "value": 16.8,
      "display": 16.8,
      "dataType": "string",
      "label": "Overall Regional % EYLEA HD QTD"
    },
    "REG_OverallRegPerC13W__c": {
      "value": 16.8,
      "display": 16.8,
      "dataType": "string",
      "label": "Overall Regional % EYLEA HD C13W"
    },
    "REG_Q1RegPerQTD__c": {
      "value": 18,
      "display": 18,
      "dataType": "string",
      "label": "Regional Quintile 1 QTD % EYLEA HD"
    },
    "REG_Q2RegPerQTD__c": {
      "value": 15.4,
      "display": 15.4,
      "dataType": "string",
      "label": "Regional Quintile 2 QTD % EYLEA HD"
    },
    "REG_Q3RegPerQTD__c": {
      "value": 12,
      "display": 12,
      "dataType": "string",
      "label": "Regional Quintile 3 QTD % EYLEA HD"
    },
    "REG_Q4RegPerQTD__c": {
      "value": 15.6,
      "display": 15.6,
      "dataType": "string",
      "label": "Regional Quintile 4 QTD % EYLEA HD"
    },
    "REG_Q5RegPerQTD__c": {
      "value": 20.9,
      "display": 20.9,
      "dataType": "string",
      "label": "Regional Quintile 5 QTD % EYLEA HD"
    },
    "REG_Q1RegPerC13W__c": {
      "value": 17.9,
      "display": 17.9,
      "dataType": "string",
      "label": "Regional Quintile 1 C13W % EYLEA HD"
    },
    "REG_Q2RegPerC13W__c": {
      "value": 15.7,
      "display": 15.7,
      "dataType": "string",
      "label": "Regional Quintile 2 C13W % EYLEA HD"
    },
    "REG_Q3RegPerC13W__c": {
      "value": 11.8,
      "display": 11.8,
      "dataType": "string",
      "label": "Regional Quintile 3 C13W % EYLEA HD"
    },
    "REG_Q4RegPerC13W__c": {
      "value": 15.5,
      "display": 15.5,
      "dataType": "string",
      "label": "Regional Quintile 4 C13W % EYLEA HD"
    },
    "REG_Q5RegPerC13W__c": {
      "value": 21.1,
      "display": 21.1,
      "dataType": "string",
      "label": "Regional Quintile 5 C13W % EYLEA HD"
    },
    "REG_Subject__c": {
      "value": "units",
      "display": "units",
      "dataType": "string",
      "label": "Subject"
    },
    "ID": {
      "value": "a7TTI0000002YKG2A2",
      "display": "a7TTI0000002YKG2A2",
      "dataType": "string"
    }
  },
  {
    "attributes": {
      "value": {
        "type": "REG_RegionalAverage__c",
        "url": "/services/data/v52.0/sobjects/REG_RegionalAverage__c/a7TTI0000002YKH2A2"
      },
      "display": {
        "type": "REG_RegionalAverage__c",
        "url": "/services/data/v52.0/sobjects/REG_RegionalAverage__c/a7TTI0000002YKH2A2"
      },
      "dataType": "string"
    },
    "Id": {
      "value": "a7TTI0000002YKH2A2",
      "display": "a7TTI0000002YKH2A2",
      "dataType": "string",
      "label": "Record ID"
    },
    "REG_Region__c": {
      "value": "Mid-Atlantic",
      "display": "Mid-Atlantic",
      "dataType": "string",
      "label": "Region Name"
    },
    "REG_OverallRegPerQTD__c": {
      "value": 54.8,
      "display": 54.8,
      "dataType": "string",
      "label": "Overall Regional % EYLEA HD QTD"
    },
    "REG_OverallRegPerC13W__c": {
      "value": 55,
      "display": 55,
      "dataType": "string",
      "label": "Overall Regional % EYLEA HD C13W"
    },
    "REG_Q1RegPerQTD__c": {
      "value": 42.3,
      "display": 42.3,
      "dataType": "string",
      "label": "Regional Quintile 1 QTD % EYLEA HD"
    },
    "REG_Q2RegPerQTD__c": {
      "value": 65.1,
      "display": 65.1,
      "dataType": "string",
      "label": "Regional Quintile 2 QTD % EYLEA HD"
    },
    "REG_Q3RegPerQTD__c": {
      "value": 60.2,
      "display": 60.2,
      "dataType": "string",
      "label": "Regional Quintile 3 QTD % EYLEA HD"
    },
    "REG_Q4RegPerQTD__c": {
      "value": 68.7,
      "display": 68.7,
      "dataType": "string",
      "label": "Regional Quintile 4 QTD % EYLEA HD"
    },
    "REG_Q5RegPerQTD__c": {
      "value": 51.2,
      "display": 51.2,
      "dataType": "string",
      "label": "Regional Quintile 5 QTD % EYLEA HD"
    },
    "REG_Q1RegPerC13W__c": {
      "value": 46.9,
      "display": 46.9,
      "dataType": "string",
      "label": "Regional Quintile 1 C13W % EYLEA HD"
    },
    "REG_Q2RegPerC13W__c": {
      "value": 63.3,
      "display": 63.3,
      "dataType": "string",
      "label": "Regional Quintile 2 C13W % EYLEA HD"
    },
    "REG_Q3RegPerC13W__c": {
      "value": 59.8,
      "display": 59.8,
      "dataType": "string",
      "label": "Regional Quintile 3 C13W % EYLEA HD"
    },
    "REG_Q4RegPerC13W__c": {
      "value": 69,
      "display": 69,
      "dataType": "string",
      "label": "Regional Quintile 4 C13W % EYLEA HD"
    },
    "REG_Q5RegPerC13W__c": {
      "value": 50.4,
      "display": 50.4,
      "dataType": "string",
      "label": "Regional Quintile 5 C13W % EYLEA HD"
    },
    "REG_Subject__c": {
      "value": "BV",
      "display": "BV",
      "dataType": "string",
      "label": "Subject"
    },
    "ID": {
      "value": "a7TTI0000002YKH2A2",
      "display": "a7TTI0000002YKH2A2",
      "dataType": "string"
    }
  },
  {
    "attributes": {
      "value": {
        "type": "REG_RegionalAverage__c",
        "url": "/services/data/v52.0/sobjects/REG_RegionalAverage__c/a7TTI0000002YKI2A2"
      },
      "display": {
        "type": "REG_RegionalAverage__c",
        "url": "/services/data/v52.0/sobjects/REG_RegionalAverage__c/a7TTI0000002YKI2A2"
      },
      "dataType": "string"
    },
    "Id": {
      "value": "a7TTI0000002YKI2A2",
      "display": "a7TTI0000002YKI2A2",
      "dataType": "string",
      "label": "Record ID"
    },
    "REG_Region__c": {
      "value": "Southeast",
      "display": "Southeast",
      "dataType": "string",
      "label": "Region Name"
    },
    "REG_OverallRegPerQTD__c": {
      "value": 46.2,
      "display": 46.2,
      "dataType": "string",
      "label": "Overall Regional % EYLEA HD QTD"
    },
    "REG_OverallRegPerC13W__c": {
      "value": 46.1,
      "display": 46.1,
      "dataType": "string",
      "label": "Overall Regional % EYLEA HD C13W"
    },
    "REG_Q1RegPerQTD__c": {
      "value": 34.6,
      "display": 34.6,
      "dataType": "string",
      "label": "Regional Quintile 1 QTD % EYLEA HD"
    },
    "REG_Q2RegPerQTD__c": {
      "value": 30.4,
      "display": 30.4,
      "dataType": "string",
      "label": "Regional Quintile 2 QTD % EYLEA HD"
    },
    "REG_Q3RegPerQTD__c": {
      "value": 42.7,
      "display": 42.7,
      "dataType": "string",
      "label": "Regional Quintile 3 QTD % EYLEA HD"
    },
    "REG_Q4RegPerQTD__c": {
      "value": 65.2,
      "display": 65.2,
      "dataType": "string",
      "label": "Regional Quintile 4 QTD % EYLEA HD"
    },
    "REG_Q5RegPerQTD__c": {
      "value": 46.1,
      "display": 46.1,
      "dataType": "string",
      "label": "Regional Quintile 5 QTD % EYLEA HD"
    },
    "REG_Q1RegPerC13W__c": {
      "value": 36.2,
      "display": 36.2,
      "dataType": "string",
      "label": "Regional Quintile 1 C13W % EYLEA HD"
    },
    "REG_Q2RegPerC13W__c": {
      "value": 29.3,
      "display": 29.3,
      "dataType": "string",
      "label": "Regional Quintile 2 C13W % EYLEA HD"
    },
    "REG_Q3RegPerC13W__c": {
      "value": 41.4,
      "display": 41.4,
      "dataType": "string",
      "label": "Regional Quintile 3 C13W % EYLEA HD"
    },
    "REG_Q4RegPerC13W__c": {
      "value": 65.1,
      "display": 65.1,
      "dataType": "string",
      "label": "Regional Quintile 4 C13W % EYLEA HD"
    },
    "REG_Q5RegPerC13W__c": {
      "value": 45,
      "display": 45,
      "dataType": "string",
      "label": "Regional Quintile 5 C13W % EYLEA HD"
    },
    "REG_Subject__c": {
      "value": "BV",
      "display": "BV",
      "dataType": "string",
      "label": "Subject"
    },
    "ID": {
      "value": "a7TTI0000002YKI2A2",
      "display": "a7TTI0000002YKI2A2",
      "dataType": "string"
    }
  },
  {
    "attributes": {
      "value": {
        "type": "REG_RegionalAverage__c",
        "url": "/services/data/v52.0/sobjects/REG_RegionalAverage__c/a7TTI0000002YKJ2A2"
      },
      "display": {
        "type": "REG_RegionalAverage__c",
        "url": "/services/data/v52.0/sobjects/REG_RegionalAverage__c/a7TTI0000002YKJ2A2"
      },
      "dataType": "string"
    },
    "Id": {
      "value": "a7TTI0000002YKJ2A2",
      "display": "a7TTI0000002YKJ2A2",
      "dataType": "string",
      "label": "Record ID"
    },
    "REG_Region__c": {
      "value": "South Central",
      "display": "South Central",
      "dataType": "string",
      "label": "Region Name"
    },
    "REG_OverallRegPerQTD__c": {
      "value": 44,
      "display": 44,
      "dataType": "string",
      "label": "Overall Regional % EYLEA HD QTD"
    },
    "REG_OverallRegPerC13W__c": {
      "value": 42.5,
      "display": 42.5,
      "dataType": "string",
      "label": "Overall Regional % EYLEA HD C13W"
    },
    "REG_Q1RegPerQTD__c": {
      "value": 30,
      "display": 30,
      "dataType": "string",
      "label": "Regional Quintile 1 QTD % EYLEA HD"
    },
    "REG_Q2RegPerQTD__c": {
      "value": 31.9,
      "display": 31.9,
      "dataType": "string",
      "label": "Regional Quintile 2 QTD % EYLEA HD"
    },
    "REG_Q3RegPerQTD__c": {
      "value": 42.2,
      "display": 42.2,
      "dataType": "string",
      "label": "Regional Quintile 3 QTD % EYLEA HD"
    },
    "REG_Q4RegPerQTD__c": {
      "value": 23.8,
      "display": 23.8,
      "dataType": "string",
      "label": "Regional Quintile 4 QTD % EYLEA HD"
    },
    "REG_Q5RegPerQTD__c": {
      "value": 62,
      "display": 62,
      "dataType": "string",
      "label": "Regional Quintile 5 QTD % EYLEA HD"
    },
    "REG_Q1RegPerC13W__c": {
      "value": 28.8,
      "display": 28.8,
      "dataType": "string",
      "label": "Regional Quintile 1 C13W % EYLEA HD"
    },
    "REG_Q2RegPerC13W__c": {
      "value": 31.2,
      "display": 31.2,
      "dataType": "string",
      "label": "Regional Quintile 2 C13W % EYLEA HD"
    },
    "REG_Q3RegPerC13W__c": {
      "value": 40.7,
      "display": 40.7,
      "dataType": "string",
      "label": "Regional Quintile 3 C13W % EYLEA HD"
    },
    "REG_Q4RegPerC13W__c": {
      "value": 23.6,
      "display": 23.6,
      "dataType": "string",
      "label": "Regional Quintile 4 C13W % EYLEA HD"
    },
    "REG_Q5RegPerC13W__c": {
      "value": 60.6,
      "display": 60.6,
      "dataType": "string",
      "label": "Regional Quintile 5 C13W % EYLEA HD"
    },
    "REG_Subject__c": {
      "value": "BV",
      "display": "BV",
      "dataType": "string",
      "label": "Subject"
    },
    "ID": {
      "value": "a7TTI0000002YKJ2A2",
      "display": "a7TTI0000002YKJ2A2",
      "dataType": "string"
    }
  },
  {
    "attributes": {
      "value": {
        "type": "REG_RegionalAverage__c",
        "url": "/services/data/v52.0/sobjects/REG_RegionalAverage__c/a7TTI0000002YKK2A2"
      },
      "display": {
        "type": "REG_RegionalAverage__c",
        "url": "/services/data/v52.0/sobjects/REG_RegionalAverage__c/a7TTI0000002YKK2A2"
      },
      "dataType": "string"
    },
    "Id": {
      "value": "a7TTI0000002YKK2A2",
      "display": "a7TTI0000002YKK2A2",
      "dataType": "string",
      "label": "Record ID"
    },
    "REG_Region__c": {
      "value": "North Central",
      "display": "North Central",
      "dataType": "string",
      "label": "Region Name"
    },
    "REG_OverallRegPerQTD__c": {
      "value": 35,
      "display": 35,
      "dataType": "string",
      "label": "Overall Regional % EYLEA HD QTD"
    },
    "REG_OverallRegPerC13W__c": {
      "value": 34.4,
      "display": 34.4,
      "dataType": "string",
      "label": "Overall Regional % EYLEA HD C13W"
    },
    "REG_Q1RegPerQTD__c": {
      "value": 37.4,
      "display": 37.4,
      "dataType": "string",
      "label": "Regional Quintile 1 QTD % EYLEA HD"
    },
    "REG_Q2RegPerQTD__c": {
      "value": 43.8,
      "display": 43.8,
      "dataType": "string",
      "label": "Regional Quintile 2 QTD % EYLEA HD"
    },
    "REG_Q3RegPerQTD__c": {
      "value": 18.9,
      "display": 18.9,
      "dataType": "string",
      "label": "Regional Quintile 3 QTD % EYLEA HD"
    },
    "REG_Q4RegPerQTD__c": {
      "value": 22.3,
      "display": 22.3,
      "dataType": "string",
      "label": "Regional Quintile 4 QTD % EYLEA HD"
    },
    "REG_Q5RegPerQTD__c": {
      "value": 5.8,
      "display": 5.8,
      "dataType": "string",
      "label": "Regional Quintile 5 QTD % EYLEA HD"
    },
    "REG_Q1RegPerC13W__c": {
      "value": 36.2,
      "display": 36.2,
      "dataType": "string",
      "label": "Regional Quintile 1 C13W % EYLEA HD"
    },
    "REG_Q2RegPerC13W__c": {
      "value": 42.1,
      "display": 42.1,
      "dataType": "string",
      "label": "Regional Quintile 2 C13W % EYLEA HD"
    },
    "REG_Q3RegPerC13W__c": {
      "value": 19.1,
      "display": 19.1,
      "dataType": "string",
      "label": "Regional Quintile 3 C13W % EYLEA HD"
    },
    "REG_Q4RegPerC13W__c": {
      "value": 23,
      "display": 23,
      "dataType": "string",
      "label": "Regional Quintile 4 C13W % EYLEA HD"
    },
    "REG_Q5RegPerC13W__c": {
      "value": 5.2,
      "display": 5.2,
      "dataType": "string",
      "label": "Regional Quintile 5 C13W % EYLEA HD"
    },
    "REG_Subject__c": {
      "value": "BV",
      "display": "BV",
      "dataType": "string",
      "label": "Subject"
    },
    "ID": {
      "value": "a7TTI0000002YKK2A2",
      "display": "a7TTI0000002YKK2A2",
      "dataType": "string"
    }
  },
  {
    "attributes": {
      "value": {
        "type": "REG_RegionalAverage__c",
        "url": "/services/data/v52.0/sobjects/REG_RegionalAverage__c/a7TTI0000002YKL2A2"
      },
      "display": {
        "type": "REG_RegionalAverage__c",
        "url": "/services/data/v52.0/sobjects/REG_RegionalAverage__c/a7TTI0000002YKL2A2"
      },
      "dataType": "string"
    },
    "Id": {
      "value": "a7TTI0000002YKL2A2",
      "display": "a7TTI0000002YKL2A2",
      "dataType": "string",
      "label": "Record ID"
    },
    "REG_Region__c": {
      "value": "Midwest",
      "display": "Midwest",
      "dataType": "string",
      "label": "Region Name"
    },
    "REG_OverallRegPerQTD__c": {
      "value": 36.7,
      "display": 36.7,
      "dataType": "string",
      "label": "Overall Regional % EYLEA HD QTD"
    },
    "REG_OverallRegPerC13W__c": {
      "value": 35.8,
      "display": 35.8,
      "dataType": "string",
      "label": "Overall Regional % EYLEA HD C13W"
    },
    "REG_Q1RegPerQTD__c": {
      "value": 39.2,
      "display": 39.2,
      "dataType": "string",
      "label": "Regional Quintile 1 QTD % EYLEA HD"
    },
    "REG_Q2RegPerQTD__c": {
      "value": 42.4,
      "display": 42.4,
      "dataType": "string",
      "label": "Regional Quintile 2 QTD % EYLEA HD"
    },
    "REG_Q3RegPerQTD__c": {
      "value": 11.3,
      "display": 11.3,
      "dataType": "string",
      "label": "Regional Quintile 3 QTD % EYLEA HD"
    },
    "REG_Q4RegPerQTD__c": {
      "value": 27.4,
      "display": 27.4,
      "dataType": "string",
      "label": "Regional Quintile 4 QTD % EYLEA HD"
    },
    "REG_Q5RegPerQTD__c": {
      "value": 38,
      "display": 38,
      "dataType": "string",
      "label": "Regional Quintile 5 QTD % EYLEA HD"
    },
    "REG_Q1RegPerC13W__c": {
      "value": 37.5,
      "display": 37.5,
      "dataType": "string",
      "label": "Regional Quintile 1 C13W % EYLEA HD"
    },
    "REG_Q2RegPerC13W__c": {
      "value": 38.9,
      "display": 38.9,
      "dataType": "string",
      "label": "Regional Quintile 2 C13W % EYLEA HD"
    },
    "REG_Q3RegPerC13W__c": {
      "value": 11,
      "display": 11,
      "dataType": "string",
      "label": "Regional Quintile 3 C13W % EYLEA HD"
    },
    "REG_Q4RegPerC13W__c": {
      "value": 27.4,
      "display": 27.4,
      "dataType": "string",
      "label": "Regional Quintile 4 C13W % EYLEA HD"
    },
    "REG_Q5RegPerC13W__c": {
      "value": 38.2,
      "display": 38.2,
      "dataType": "string",
      "label": "Regional Quintile 5 C13W % EYLEA HD"
    },
    "REG_Subject__c": {
      "value": "BV",
      "display": "BV",
      "dataType": "string",
      "label": "Subject"
    },
    "ID": {
      "value": "a7TTI0000002YKL2A2",
      "display": "a7TTI0000002YKL2A2",
      "dataType": "string"
    }
  },
  {
    "attributes": {
      "value": {
        "type": "REG_RegionalAverage__c",
        "url": "/services/data/v52.0/sobjects/REG_RegionalAverage__c/a7TTI0000002YKM2A2"
      },
      "display": {
        "type": "REG_RegionalAverage__c",
        "url": "/services/data/v52.0/sobjects/REG_RegionalAverage__c/a7TTI0000002YKM2A2"
      },
      "dataType": "string"
    },
    "Id": {
      "value": "a7TTI0000002YKM2A2",
      "display": "a7TTI0000002YKM2A2",
      "dataType": "string",
      "label": "Record ID"
    },
    "REG_Region__c": {
      "value": "Unassigned",
      "display": "Unassigned",
      "dataType": "string",
      "label": "Region Name"
    },
    "REG_OverallRegPerQTD__c": {
      "value": 13.6,
      "display": 13.6,
      "dataType": "string",
      "label": "Overall Regional % EYLEA HD QTD"
    },
    "REG_OverallRegPerC13W__c": {
      "value": 14.1,
      "display": 14.1,
      "dataType": "string",
      "label": "Overall Regional % EYLEA HD C13W"
    },
    "REG_Q1RegPerQTD__c": {
      "value": 7,
      "display": 7,
      "dataType": "string",
      "label": "Regional Quintile 1 QTD % EYLEA HD"
    },
    "REG_Q2RegPerQTD__c": {
      "value": 6.6,
      "display": 6.6,
      "dataType": "string",
      "label": "Regional Quintile 2 QTD % EYLEA HD"
    },
    "REG_Q3RegPerQTD__c": {
      "value": 17.4,
      "display": 17.4,
      "dataType": "string",
      "label": "Regional Quintile 3 QTD % EYLEA HD"
    },
    "REG_Q4RegPerQTD__c": {
      "value": 0,
      "display": 0,
      "dataType": "string",
      "label": "Regional Quintile 4 QTD % EYLEA HD"
    },
    "REG_Q5RegPerQTD__c": {
      "value": 0,
      "display": 0,
      "dataType": "string",
      "label": "Regional Quintile 5 QTD % EYLEA HD"
    },
    "REG_Q1RegPerC13W__c": {
      "value": 7,
      "display": 7,
      "dataType": "string",
      "label": "Regional Quintile 1 C13W % EYLEA HD"
    },
    "REG_Q2RegPerC13W__c": {
      "value": 6.2,
      "display": 6.2,
      "dataType": "string",
      "label": "Regional Quintile 2 C13W % EYLEA HD"
    },
    "REG_Q3RegPerC13W__c": {
      "value": 21.6,
      "display": 21.6,
      "dataType": "string",
      "label": "Regional Quintile 3 C13W % EYLEA HD"
    },
    "REG_Q4RegPerC13W__c": {
      "value": 0,
      "display": 0,
      "dataType": "string",
      "label": "Regional Quintile 4 C13W % EYLEA HD"
    },
    "REG_Q5RegPerC13W__c": {
      "value": 0,
      "display": 0,
      "dataType": "string",
      "label": "Regional Quintile 5 C13W % EYLEA HD"
    },
    "REG_Subject__c": {
      "value": "units",
      "display": "units",
      "dataType": "string",
      "label": "Subject"
    },
    "ID": {
      "value": "a7TTI0000002YKM2A2",
      "display": "a7TTI0000002YKM2A2",
      "dataType": "string"
    }
  },
  {
    "attributes": {
      "value": {
        "type": "REG_RegionalAverage__c",
        "url": "/services/data/v52.0/sobjects/REG_RegionalAverage__c/a7TTI0000002YKN2A2"
      },
      "display": {
        "type": "REG_RegionalAverage__c",
        "url": "/services/data/v52.0/sobjects/REG_RegionalAverage__c/a7TTI0000002YKN2A2"
      },
      "dataType": "string"
    },
    "Id": {
      "value": "a7TTI0000002YKN2A2",
      "display": "a7TTI0000002YKN2A2",
      "dataType": "string",
      "label": "Record ID"
    },
    "REG_Region__c": {
      "value": "Southwest",
      "display": "Southwest",
      "dataType": "string",
      "label": "Region Name"
    },
    "REG_OverallRegPerQTD__c": {
      "value": 16,
      "display": 16,
      "dataType": "string",
      "label": "Overall Regional % EYLEA HD QTD"
    },
    "REG_OverallRegPerC13W__c": {
      "value": 16.1,
      "display": 16.1,
      "dataType": "string",
      "label": "Overall Regional % EYLEA HD C13W"
    },
    "REG_Q1RegPerQTD__c": {
      "value": 17.3,
      "display": 17.3,
      "dataType": "string",
      "label": "Regional Quintile 1 QTD % EYLEA HD"
    },
    "REG_Q2RegPerQTD__c": {
      "value": 11.5,
      "display": 11.5,
      "dataType": "string",
      "label": "Regional Quintile 2 QTD % EYLEA HD"
    },
    "REG_Q3RegPerQTD__c": {
      "value": 11.7,
      "display": 11.7,
      "dataType": "string",
      "label": "Regional Quintile 3 QTD % EYLEA HD"
    },
    "REG_Q4RegPerQTD__c": {
      "value": 13.3,
      "display": 13.3,
      "dataType": "string",
      "label": "Regional Quintile 4 QTD % EYLEA HD"
    },
    "REG_Q5RegPerQTD__c": {
      "value": 19.7,
      "display": 19.7,
      "dataType": "string",
      "label": "Regional Quintile 5 QTD % EYLEA HD"
    },
    "REG_Q1RegPerC13W__c": {
      "value": 17.4,
      "display": 17.4,
      "dataType": "string",
      "label": "Regional Quintile 1 C13W % EYLEA HD"
    },
    "REG_Q2RegPerC13W__c": {
      "value": 11.1,
      "display": 11.1,
      "dataType": "string",
      "label": "Regional Quintile 2 C13W % EYLEA HD"
    },
    "REG_Q3RegPerC13W__c": {
      "value": 12,
      "display": 12,
      "dataType": "string",
      "label": "Regional Quintile 3 C13W % EYLEA HD"
    },
    "REG_Q4RegPerC13W__c": {
      "value": 12.9,
      "display": 12.9,
      "dataType": "string",
      "label": "Regional Quintile 4 C13W % EYLEA HD"
    },
    "REG_Q5RegPerC13W__c": {
      "value": 20.2,
      "display": 20.2,
      "dataType": "string",
      "label": "Regional Quintile 5 C13W % EYLEA HD"
    },
    "REG_Subject__c": {
      "value": "units",
      "display": "units",
      "dataType": "string",
      "label": "Subject"
    },
    "ID": {
      "value": "a7TTI0000002YKN2A2",
      "display": "a7TTI0000002YKN2A2",
      "dataType": "string"
    }
  },
  {
    "attributes": {
      "value": {
        "type": "REG_RegionalAverage__c",
        "url": "/services/data/v52.0/sobjects/REG_RegionalAverage__c/a7TTI0000002YKO2A2"
      },
      "display": {
        "type": "REG_RegionalAverage__c",
        "url": "/services/data/v52.0/sobjects/REG_RegionalAverage__c/a7TTI0000002YKO2A2"
      },
      "dataType": "string"
    },
    "Id": {
      "value": "a7TTI0000002YKO2A2",
      "display": "a7TTI0000002YKO2A2",
      "dataType": "string",
      "label": "Record ID"
    },
    "REG_Region__c": {
      "value": "West",
      "display": "West",
      "dataType": "string",
      "label": "Region Name"
    },
    "REG_OverallRegPerQTD__c": {
      "value": 18,
      "display": 18,
      "dataType": "string",
      "label": "Overall Regional % EYLEA HD QTD"
    },
    "REG_OverallRegPerC13W__c": {
      "value": 18.1,
      "display": 18.1,
      "dataType": "string",
      "label": "Overall Regional % EYLEA HD C13W"
    },
    "REG_Q1RegPerQTD__c": {
      "value": 16.8,
      "display": 16.8,
      "dataType": "string",
      "label": "Regional Quintile 1 QTD % EYLEA HD"
    },
    "REG_Q2RegPerQTD__c": {
      "value": 17.2,
      "display": 17.2,
      "dataType": "string",
      "label": "Regional Quintile 2 QTD % EYLEA HD"
    },
    "REG_Q3RegPerQTD__c": {
      "value": 12.4,
      "display": 12.4,
      "dataType": "string",
      "label": "Regional Quintile 3 QTD % EYLEA HD"
    },
    "REG_Q4RegPerQTD__c": {
      "value": 21.2,
      "display": 21.2,
      "dataType": "string",
      "label": "Regional Quintile 4 QTD % EYLEA HD"
    },
    "REG_Q5RegPerQTD__c": {
      "value": 23.5,
      "display": 23.5,
      "dataType": "string",
      "label": "Regional Quintile 5 QTD % EYLEA HD"
    },
    "REG_Q1RegPerC13W__c": {
      "value": 16.8,
      "display": 16.8,
      "dataType": "string",
      "label": "Regional Quintile 1 C13W % EYLEA HD"
    },
    "REG_Q2RegPerC13W__c": {
      "value": 17.6,
      "display": 17.6,
      "dataType": "string",
      "label": "Regional Quintile 2 C13W % EYLEA HD"
    },
    "REG_Q3RegPerC13W__c": {
      "value": 12.8,
      "display": 12.8,
      "dataType": "string",
      "label": "Regional Quintile 3 C13W % EYLEA HD"
    },
    "REG_Q4RegPerC13W__c": {
      "value": 21,
      "display": 21,
      "dataType": "string",
      "label": "Regional Quintile 4 C13W % EYLEA HD"
    },
    "REG_Q5RegPerC13W__c": {
      "value": 23.8,
      "display": 23.8,
      "dataType": "string",
      "label": "Regional Quintile 5 C13W % EYLEA HD"
    },
    "REG_Subject__c": {
      "value": "units",
      "display": "units",
      "dataType": "string",
      "label": "Subject"
    },
    "ID": {
      "value": "a7TTI0000002YKO2A2",
      "display": "a7TTI0000002YKO2A2",
      "dataType": "string"
    }
  },
  {
    "attributes": {
      "value": {
        "type": "REG_RegionalAverage__c",
        "url": "/services/data/v52.0/sobjects/REG_RegionalAverage__c/a7TTI0000002YKP2A2"
      },
      "display": {
        "type": "REG_RegionalAverage__c",
        "url": "/services/data/v52.0/sobjects/REG_RegionalAverage__c/a7TTI0000002YKP2A2"
      },
      "dataType": "string"
    },
    "Id": {
      "value": "a7TTI0000002YKP2A2",
      "display": "a7TTI0000002YKP2A2",
      "dataType": "string",
      "label": "Record ID"
    },
    "REG_Region__c": {
      "value": "Southeast",
      "display": "Southeast",
      "dataType": "string",
      "label": "Region Name"
    },
    "REG_OverallRegPerQTD__c": {
      "value": 21.1,
      "display": 21.1,
      "dataType": "string",
      "label": "Overall Regional % EYLEA HD QTD"
    },
    "REG_OverallRegPerC13W__c": {
      "value": 21.6,
      "display": 21.6,
      "dataType": "string",
      "label": "Overall Regional % EYLEA HD C13W"
    },
    "REG_Q1RegPerQTD__c": {
      "value": 22.4,
      "display": 22.4,
      "dataType": "string",
      "label": "Regional Quintile 1 QTD % EYLEA HD"
    },
    "REG_Q2RegPerQTD__c": {
      "value": 19.8,
      "display": 19.8,
      "dataType": "string",
      "label": "Regional Quintile 2 QTD % EYLEA HD"
    },
    "REG_Q3RegPerQTD__c": {
      "value": 19,
      "display": 19,
      "dataType": "string",
      "label": "Regional Quintile 3 QTD % EYLEA HD"
    },
    "REG_Q4RegPerQTD__c": {
      "value": 17.7,
      "display": 17.7,
      "dataType": "string",
      "label": "Regional Quintile 4 QTD % EYLEA HD"
    },
    "REG_Q5RegPerQTD__c": {
      "value": 27.6,
      "display": 27.6,
      "dataType": "string",
      "label": "Regional Quintile 5 QTD % EYLEA HD"
    },
    "REG_Q1RegPerC13W__c": {
      "value": 22.4,
      "display": 22.4,
      "dataType": "string",
      "label": "Regional Quintile 1 C13W % EYLEA HD"
    },
    "REG_Q2RegPerC13W__c": {
      "value": 20.5,
      "display": 20.5,
      "dataType": "string",
      "label": "Regional Quintile 2 C13W % EYLEA HD"
    },
    "REG_Q3RegPerC13W__c": {
      "value": 19.2,
      "display": 19.2,
      "dataType": "string",
      "label": "Regional Quintile 3 C13W % EYLEA HD"
    },
    "REG_Q4RegPerC13W__c": {
      "value": 17.4,
      "display": 17.4,
      "dataType": "string",
      "label": "Regional Quintile 4 C13W % EYLEA HD"
    },
    "REG_Q5RegPerC13W__c": {
      "value": 29.8,
      "display": 29.8,
      "dataType": "string",
      "label": "Regional Quintile 5 C13W % EYLEA HD"
    },
    "REG_Subject__c": {
      "value": "units",
      "display": "units",
      "dataType": "string",
      "label": "Subject"
    },
    "ID": {
      "value": "a7TTI0000002YKP2A2",
      "display": "a7TTI0000002YKP2A2",
      "dataType": "string"
    }
  },
  {
    "attributes": {
      "value": {
        "type": "REG_RegionalAverage__c",
        "url": "/services/data/v52.0/sobjects/REG_RegionalAverage__c/a7TTI0000002YKQ2A2"
      },
      "display": {
        "type": "REG_RegionalAverage__c",
        "url": "/services/data/v52.0/sobjects/REG_RegionalAverage__c/a7TTI0000002YKQ2A2"
      },
      "dataType": "string"
    },
    "Id": {
      "value": "a7TTI0000002YKQ2A2",
      "display": "a7TTI0000002YKQ2A2",
      "dataType": "string",
      "label": "Record ID"
    },
    "REG_Region__c": {
      "value": "Northeast",
      "display": "Northeast",
      "dataType": "string",
      "label": "Region Name"
    },
    "REG_OverallRegPerQTD__c": {
      "value": 17.3,
      "display": 17.3,
      "dataType": "string",
      "label": "Overall Regional % EYLEA HD QTD"
    },
    "REG_OverallRegPerC13W__c": {
      "value": 18.9,
      "display": 18.9,
      "dataType": "string",
      "label": "Overall Regional % EYLEA HD C13W"
    },
    "REG_Q1RegPerQTD__c": {
      "value": 17.6,
      "display": 17.6,
      "dataType": "string",
      "label": "Regional Quintile 1 QTD % EYLEA HD"
    },
    "REG_Q2RegPerQTD__c": {
      "value": 15.2,
      "display": 15.2,
      "dataType": "string",
      "label": "Regional Quintile 2 QTD % EYLEA HD"
    },
    "REG_Q3RegPerQTD__c": {
      "value": 14.8,
      "display": 14.8,
      "dataType": "string",
      "label": "Regional Quintile 3 QTD % EYLEA HD"
    },
    "REG_Q4RegPerQTD__c": {
      "value": 24.7,
      "display": 24.7,
      "dataType": "string",
      "label": "Regional Quintile 4 QTD % EYLEA HD"
    },
    "REG_Q5RegPerQTD__c": {
      "value": 16.7,
      "display": 16.7,
      "dataType": "string",
      "label": "Regional Quintile 5 QTD % EYLEA HD"
    },
    "REG_Q1RegPerC13W__c": {
      "value": 17.7,
      "display": 17.7,
      "dataType": "string",
      "label": "Regional Quintile 1 C13W % EYLEA HD"
    },
    "REG_Q2RegPerC13W__c": {
      "value": 15.6,
      "display": 15.6,
      "dataType": "string",
      "label": "Regional Quintile 2 C13W % EYLEA HD"
    },
    "REG_Q3RegPerC13W__c": {
      "value": 15.4,
      "display": 15.4,
      "dataType": "string",
      "label": "Regional Quintile 3 C13W % EYLEA HD"
    },
    "REG_Q4RegPerC13W__c": {
      "value": 29.9,
      "display": 29.9,
      "dataType": "string",
      "label": "Regional Quintile 4 C13W % EYLEA HD"
    },
    "REG_Q5RegPerC13W__c": {
      "value": 18.5,
      "display": 18.5,
      "dataType": "string",
      "label": "Regional Quintile 5 C13W % EYLEA HD"
    },
    "REG_Subject__c": {
      "value": "units",
      "display": "units",
      "dataType": "string",
      "label": "Subject"
    },
    "ID": {
      "value": "a7TTI0000002YKQ2A2",
      "display": "a7TTI0000002YKQ2A2",
      "dataType": "string"
    }
  },
  {
    "attributes": {
      "value": {
        "type": "REG_RegionalAverage__c",
        "url": "/services/data/v52.0/sobjects/REG_RegionalAverage__c/a7TTI0000002YKR2A2"
      },
      "display": {
        "type": "REG_RegionalAverage__c",
        "url": "/services/data/v52.0/sobjects/REG_RegionalAverage__c/a7TTI0000002YKR2A2"
      },
      "dataType": "string"
    },
    "Id": {
      "value": "a7TTI0000002YKR2A2",
      "display": "a7TTI0000002YKR2A2",
      "dataType": "string",
      "label": "Record ID"
    },
    "REG_Region__c": {
      "value": "South Central",
      "display": "South Central",
      "dataType": "string",
      "label": "Region Name"
    },
    "REG_OverallRegPerQTD__c": {
      "value": 16.2,
      "display": 16.2,
      "dataType": "string",
      "label": "Overall Regional % EYLEA HD QTD"
    },
    "REG_OverallRegPerC13W__c": {
      "value": 16.1,
      "display": 16.1,
      "dataType": "string",
      "label": "Overall Regional % EYLEA HD C13W"
    },
    "REG_Q1RegPerQTD__c": {
      "value": 17,
      "display": 17,
      "dataType": "string",
      "label": "Regional Quintile 1 QTD % EYLEA HD"
    },
    "REG_Q2RegPerQTD__c": {
      "value": 14.1,
      "display": 14.1,
      "dataType": "string",
      "label": "Regional Quintile 2 QTD % EYLEA HD"
    },
    "REG_Q3RegPerQTD__c": {
      "value": 12.3,
      "display": 12.3,
      "dataType": "string",
      "label": "Regional Quintile 3 QTD % EYLEA HD"
    },
    "REG_Q4RegPerQTD__c": {
      "value": 15,
      "display": 15,
      "dataType": "string",
      "label": "Regional Quintile 4 QTD % EYLEA HD"
    },
    "REG_Q5RegPerQTD__c": {
      "value": 20.2,
      "display": 20.2,
      "dataType": "string",
      "label": "Regional Quintile 5 QTD % EYLEA HD"
    },
    "REG_Q1RegPerC13W__c": {
      "value": 17.1,
      "display": 17.1,
      "dataType": "string",
      "label": "Regional Quintile 1 C13W % EYLEA HD"
    },
    "REG_Q2RegPerC13W__c": {
      "value": 13.6,
      "display": 13.6,
      "dataType": "string",
      "label": "Regional Quintile 2 C13W % EYLEA HD"
    },
    "REG_Q3RegPerC13W__c": {
      "value": 12.4,
      "display": 12.4,
      "dataType": "string",
      "label": "Regional Quintile 3 C13W % EYLEA HD"
    },
    "REG_Q4RegPerC13W__c": {
      "value": 14.4,
      "display": 14.4,
      "dataType": "string",
      "label": "Regional Quintile 4 C13W % EYLEA HD"
    },
    "REG_Q5RegPerC13W__c": {
      "value": 20.7,
      "display": 20.7,
      "dataType": "string",
      "label": "Regional Quintile 5 C13W % EYLEA HD"
    },
    "REG_Subject__c": {
      "value": "units",
      "display": "units",
      "dataType": "string",
      "label": "Subject"
    },
    "ID": {
      "value": "a7TTI0000002YKR2A2",
      "display": "a7TTI0000002YKR2A2",
      "dataType": "string"
    }
  }
]
