[
  {
    "Title_vod__c": {
      "value": "EYLEA Potential within Medicare FFS patient pool, Significant Increase in EYLEA Share",
      "display": "EYLEA Potential within Medicare FFS patient pool, Significant Increase in EYLEA Share",
      "dataType": "string",
      "label": "Title"
    },
    "Marked_As_Complete_vod__c": {
      "value": null,
      "display": null,
      "dataType": "string",
      "label": "Marked As Complete"
    },
    "Id": {
      "value": "a3PVC000000OJpY2AW",
      "display": "a3PVC000000OJpY2AW",
      "dataType": "string",
      "label": "Record ID"
    },
    "Display_Mark_As_Complete_vod__c": {
      "value": 1,
      "display": 1,
      "dataType": "string",
      "label": "Mark as Complete"
    },
    "Display_Dismiss_vod__c": {
      "value": 1,
      "display": 1,
      "dataType": "string",
      "label": "Dismiss"
    },
    "Expiration_Date_vod__c": {
      "value": "2025-03-02T18:30:00.000Z",
      "display": "2025-3-3",
      "dataType": "date",
      "label": "Expiration Date"
    },
    "Posted_Date_vod__c": {
      "value": "2025-12-3",
      "display": "",
      "dataType": "date",
      "label": "Posted Date"
    },
    "Account_vod__c": {
      "value": "001VC00000nRqKJYA0",
      "display": "001VC00000nRqKJYA0",
      "dataType": "string",
      "label": "Account"
    },
    "Priority_vod__c": {
      "value": "Normal_vod",
      "display": "Normal_vod",
      "dataType": "string",
      "label": "Priority"
    },
    "Reason_vod__c": {
      "value": "Dr Marilyn Adams needs to attend one Speaker Program before next year, Visit doctor to discuss Product F This doctor is an active prescriber of our products and please provide the information related to the upcoming product launch.",
      "display": "Dr Marilyn Adams needs to attend one Speaker Program before next year, Visit doctor to discuss Product F This doctor is an active prescriber of our products and please provide the information related to the upcoming product launch.",
      "dataType": "string",
      "label": "Reason"
    },
    "Dismissed_vod__c": {
      "value": 1,
      "display": 1,
      "dataType": "string",
      "label": "Dismissed"
    },
    "date": {
      "value": "",
      "display": "",
      "dataType": "date",
      "label": "Posted Date"
    }
  },
  {
    "Title_vod__c": {
      "value": "High Decrease in EYLEA Sales, Formulary A Updates has taken place for 2023,",
      "display": "High Decrease in EYLEA Sales, Formulary A Updates has taken place for 2023,",
      "dataType": "string",
      "label": "Title"
    },
    "Marked_As_Complete_vod__c": {
      "value": null,
      "display": null,
      "dataType": "string",
      "label": "Marked As Complete"
    },
    "Id": {
      "value": "a3PVC000000OJpW2AW",
      "display": "a3PVC000000OJpW2AW",
      "dataType": "string",
      "label": "Record ID"
    },
    "Display_Mark_As_Complete_vod__c": {
      "value": 1,
      "display": 1,
      "dataType": "string",
      "label": "Mark as Complete"
    },
    "Display_Dismiss_vod__c": {
      "value": 0,
      "display": 0,
      "dataType": "string",
      "label": "Dismiss"
    },
    "Expiration_Date_vod__c": {
      "value": "2024-12-31T18:30:00.000Z",
      "display": "2025-1-1",
      "dataType": "date",
      "label": "Expiration Date"
    },
    "Posted_Date_vod__c": {
      "value": "2025-12-30",
      "display": "",
      "dataType": "date",
      "label": "Posted Date"
    },
    "Account_vod__c": {
      "value": "001VC00000nRqKJYA0",
      "display": "001VC00000nRqKJYA0",
      "dataType": "string",
      "label": "Account"
    },
    "Priority_vod__c": {
      "value": "Urgent_vod",
      "display": "Urgent_vod",
      "dataType": "string",
      "label": "Priority"
    },
    "Reason_vod__c": {
      "value": "Formulary A Updates has taken place for 2023, kindly visit the doctor to discuss further insights, Visit doctor to discuss Product F This doctor is an active prescriber of our products and please provide the information related to the upcoming product launch.",
      "display": "Formulary A Updates has taken place for 2023, kindly visit the doctor to discuss further insights, Visit doctor to discuss Product F This doctor is an active prescriber of our products and please provide the information related to the upcoming product launch.",
      "dataType": "string",
      "label": "Reason"
    },
    "Dismissed_vod__c": {
      "value": null,
      "display": null,
      "dataType": "string",
      "label": "Dismissed"
    },
    "date": {
      "value": "",
      "display": "",
      "dataType": "date",
      "label": "Posted Date"
    }
  },
  {
    "Title_vod__c": {
      "value": "Low Decrease in EYLEA Sales Significant Increase in EYLEA Share",
      "display": "Low Decrease in EYLEA Sales Significant Increase in EYLEA Share",
      "dataType": "string",
      "label": "Title"
    },
    "Marked_As_Complete_vod__c": {
      "value": 1,
      "display": 1,
      "dataType": "string",
      "label": "Marked As Complete"
    },
    "Id": {
      "value": "a3PVC000000OJpX2AW",
      "display": "a3PVC000000OJpX2AW",
      "dataType": "string",
      "label": "Record ID"
    },
    "Display_Mark_As_Complete_vod__c": {
      "value": 1,
      "display": 1,
      "dataType": "string",
      "label": "Mark as Complete"
    },
    "Display_Dismiss_vod__c": {
      "value": 1,
      "display": 1,
      "dataType": "string",
      "label": "Dismiss"
    },
    "Expiration_Date_vod__c": {
      "value": "2025-02-01T18:30:00.000Z",
      "display": "2025-2-2",
      "dataType": "date",
      "label": "Expiration Date"
    },
    "Posted_Date_vod__c": {
      "value": "2026-11-30",
      "display": "",
      "dataType": "date",
      "label": "Posted Date"
    },
    "Account_vod__c": {
      "value": "001VC00000nRqKJYA0",
      "display": "001VC00000nRqKJYA0",
      "dataType": "string",
      "label": "Account"
    },
    "Priority_vod__c": {
      "value": "Normal_vod",
      "display": "Normal_vod",
      "dataType": "string",
      "label": "Priority"
    },
    "Reason_vod__c": {
      "value": "Formulary Updates has taken place for 2023, kindly visit the doctor to discuss further insights, Visit doctor to discuss Product F This doctor is an active prescriber of our products and please provide the information related to the upcoming product launch.",
      "display": "Formulary Updates has taken place for 2023, kindly visit the doctor to discuss further insights, Visit doctor to discuss Product F This doctor is an active prescriber of our products and please provide the information related to the upcoming product launch.",
      "dataType": "string",
      "label": "Reason"
    },
    "Dismissed_vod__c": {
      "value": 1,
      "display": 1,
      "dataType": "string",
      "label": "Dismissed"
    },
    "date": {
      "value": "",
      "display": "",
      "dataType": "date",
      "label": "Posted Date"
    }
  },
  {
    "Title_vod__c": {
      "value": "Suggestions for SAMIH ABBASSI, and please provide the information related to the upcoming product",
      "display": "Suggestions for SAMIH ABBASSI, and please provide the information related to the upcoming product",
      "dataType": "string",
      "label": "Title"
    },
    "Marked_As_Complete_vod__c": {
      "value": null,
      "display": null,
      "dataType": "string",
      "label": "Marked As Complete"
    },
    "Id": {
      "value": "a3PVC000000OJpa2AG",
      "display": "a3PVC000000OJpa2AG",
      "dataType": "string",
      "label": "Record ID"
    },
    "Display_Mark_As_Complete_vod__c": {
      "value": 0,
      "display": 0,
      "dataType": "string",
      "label": "Mark as Complete"
    },
    "Display_Dismiss_vod__c": {
      "value": 0,
      "display": 0,
      "dataType": "string",
      "label": "Dismiss"
    },
    "Expiration_Date_vod__c": {
      "value": "2025-09-04T18:30:00.000Z",
      "display": "2025-9-5",
      "dataType": "date",
      "label": "Expiration Date"
    },
    "Posted_Date_vod__c": {
      "value": "2026-09-04T18:30:00.000Z",
      "display": "",
      "dataType": "date",
      "label": "Posted Date"
    },
    "Account_vod__c": {
      "value": "001VC00000nRfjHYAS",
      "display": "001VC00000nRfjHYAS",
      "dataType": "string",
      "label": "Account"
    },
    "Priority_vod__c": {
      "value": "Normal_vod",
      "display": "Normal_vod",
      "dataType": "string",
      "label": "Priority"
    },
    "Reason_vod__c": {
      "value": "Visit doctor to discuss Product F This doctor is an active prescriber of our products and please provide the information related to the upcoming product launch.",
      "display": "Visit doctor to discuss Product F This doctor is an active prescriber of our products and please provide the information related to the upcoming product launch.",
      "dataType": "string",
      "label": "Reason"
    },
    "Dismissed_vod__c": {
      "value": null,
      "display": null,
      "dataType": "string",
      "label": "Dismissed"
    },
    "date": {
      "value": "",
      "display": "",
      "dataType": "date",
      "label": "Posted Date"
    }
  },
  {
    "Title_vod__c": {
      "value": "Dr. Samih Abbassi, please provide the information related to the upcoming product launch This doctor",
      "display": "Dr. Samih Abbassi, please provide the information related to the upcoming product launch This doctor",
      "dataType": "string",
      "label": "Title"
    },
    "Marked_As_Complete_vod__c": {
      "value": 1,
      "display": 1,
      "dataType": "string",
      "label": "Marked As Complete"
    },
    "Id": {
      "value": "a3PVC000000OJpZ2AW",
      "display": "a3PVC000000OJpZ2AW",
      "dataType": "string",
      "label": "Record ID"
    },
    "Display_Mark_As_Complete_vod__c": {
      "value": 1,
      "display": 1,
      "dataType": "string",
      "label": "Mark as Complete"
    },
    "Display_Dismiss_vod__c": {
      "value": 0,
      "display": 0,
      "dataType": "string",
      "label": "Dismiss"
    },
    "Expiration_Date_vod__c": {
      "value": "2025-07-03T18:30:00.000Z",
      "display": "2025-7-4",
      "dataType": "date",
      "label": "Expiration Date"
    },
    "Posted_Date_vod__c": {
      "value": "2025-11-10T18:30:00.000Z",
      "display": "",
      "dataType": "date",
      "label": "Posted Date"
    },
    "Account_vod__c": {
      "value": "001VC00000nRfjHYAS",
      "display": "001VC00000nRfjHYAS",
      "dataType": "string",
      "label": "Account"
    },
    "Priority_vod__c": {
      "value": "Urgent_vod",
      "display": "Urgent_vod",
      "dataType": "string",
      "label": "Priority"
    },
    "Reason_vod__c": {
      "value": "This doctor is an active prescriber of our products and please provide the information related to the upcoming product launch This doctor is an active prescriber of our products and please provide the information related to the upcoming product launch.",
      "display": "This doctor is an active prescriber of our products and please provide the information related to the upcoming product launch This doctor is an active prescriber of our products and please provide the information related to the upcoming product launch.",
      "dataType": "string",
      "label": "Reason"
    },
    "Dismissed_vod__c": {
      "value": null,
      "display": null,
      "dataType": "string",
      "label": "Dismissed"
    },
    "date": {
      "value": "",
      "display": "",
      "dataType": "date",
      "label": "Posted Date"
    }
  },
  {
    "Title_vod__c": {
      "value": "Significant Increase in Account Potential, Formulary A Updates has taken place for 2023,",
      "display": "Significant Increase in Account Potential, Formulary A Updates has taken place for 2023,",
      "dataType": "string",
      "label": "Title"
    },
    "Marked_As_Complete_vod__c": {
      "value": 1,
      "display": 1,
      "dataType": "string",
      "label": "Marked As Complete"
    },
    "Id": {
      "value": "a3PVC000000OJpV2AW",
      "display": "a3PVC000000OJpV2AW",
      "dataType": "string",
      "label": "Record ID"
    },
    "Display_Mark_As_Complete_vod__c": {
      "value": 1,
      "display": 1,
      "dataType": "string",
      "label": "Mark as Complete"
    },
    "Display_Dismiss_vod__c": {
      "value": 1,
      "display": 1,
      "dataType": "string",
      "label": "Dismiss"
    },
    "Expiration_Date_vod__c": {
      "value": "2024-12-30T18:30:00.000Z",
      "display": "2024-12-31",
      "dataType": "date",
      "label": "Expiration Date"
    },
    "Posted_Date_vod__c": {
      "value": "",
      "display": "",
      "dataType": "date",
      "label": "Posted Date"
    },
    "Account_vod__c": {
      "value": "001VC00000nRqKJYA0",
      "display": "001VC00000nRqKJYA0",
      "dataType": "string",
      "label": "Account"
    },
    "Priority_vod__c": {
      "value": "Normal_vod",
      "display": "Normal_vod",
      "dataType": "string",
      "label": "Priority"
    },
    "Reason_vod__c": {
      "value": "This doctor is an active prescriber of our products and please provide the information related to the upcoming product launch, This doctor is an active prescriber of our products and please provide the information related to the upcoming product launch.",
      "display": "This doctor is an active prescriber of our products and please provide the information related to the upcoming product launch, This doctor is an active prescriber of our products and please provide the information related to the upcoming product launch.",
      "dataType": "string",
      "label": "Reason"
    },
    "Dismissed_vod__c": {
      "value": 1,
      "display": 1,
      "dataType": "string",
      "label": "Dismissed"
    },
    "date": {
      "value": "",
      "display": "",
      "dataType": "date",
      "label": "Posted Date"
    }
  },
  {
    "Title_vod__c": {
      "value": "Visit request, Arrange call to discuss Nuplazid product This doctor is an active prescriber of our products",
      "display": "Visit request, Arrange call to discuss Nuplazid product This doctor is an active prescriber of our products",
      "dataType": "string",
      "label": "Title"
    },
    "Marked_As_Complete_vod__c": {
      "value": null,
      "display": null,
      "dataType": "string",
      "label": "Marked As Complete"
    },
    "Id": {
      "value": "a3PVC000000OJpb2AG",
      "display": "a3PVC000000OJpb2AG",
      "dataType": "string",
      "label": "Record ID"
    },
    "Display_Mark_As_Complete_vod__c": {
      "value": 1,
      "display": 1,
      "dataType": "string",
      "label": "Mark as Complete"
    },
    "Display_Dismiss_vod__c": {
      "value": 1,
      "display": 1,
      "dataType": "string",
      "label": "Dismiss"
    },
    "Expiration_Date_vod__c": {
      "value": "2025-09-05T18:30:00.000Z",
      "display": "2025-9-6",
      "dataType": "date",
      "label": "Expiration Date"
    },
    "Posted_Date_vod__c": {
      "value": "",
      "display": "",
      "dataType": "date",
      "label": "Posted Date"
    },
    "Account_vod__c": {
      "value": "001VC00000nRfjHYAS",
      "display": "001VC00000nRfjHYAS",
      "dataType": "string",
      "label": "Account"
    },
    "Priority_vod__c": {
      "value": "",
      "display": "",
      "dataType": "string",
      "label": "Priority"
    },
    "Reason_vod__c": {
      "value": "SAMIH ABBASSI has requested a visit, This doctor is an active prescriber of our products and please provide the information related to the upcoming product launch.",
      "display": "SAMIH ABBASSI has requested a visit, This doctor is an active prescriber of our products and please provide the information related to the upcoming product launch.",
      "dataType": "string",
      "label": "Reason"
    },
    "Dismissed_vod__c": {
      "value": 1,
      "display": 1,
      "dataType": "string",
      "label": "Dismissed"
    },
    "date": {
      "value": "",
      "display": "",
      "dataType": "date",
      "label": "Posted Date"
    }
  },
  {
    "Title_vod__c": {
      "value": "Visit request, Arrange call to discuss Nuplazid product This doctor is an active prescriber of our products",
      "display": "Visit request, Arrange call to discuss Nuplazid product This doctor is an active prescriber of our products",
      "dataType": "string",
      "label": "Title"
    },
    "Marked_As_Complete_vod__c": {
      "value": 1,
      "display": 1,
      "dataType": "string",
      "label": "Marked As Complete"
    },
    "Id": {
      "value": "a3PVC000000OJpd2AG",
      "display": "a3PVC000000OJpd2AG",
      "dataType": "string",
      "label": "Record ID"
    },
    "Display_Mark_As_Complete_vod__c": {
      "value": 1,
      "display": 1,
      "dataType": "string",
      "label": "Mark as Complete"
    },
    "Display_Dismiss_vod__c": {
      "value": 1,
      "display": 1,
      "dataType": "string",
      "label": "Dismiss"
    },
    "Expiration_Date_vod__c": {
      "value": "2025-10-07T18:30:00.000Z",
      "display": "2025-10-8",
      "dataType": "date",
      "label": "Expiration Date"
    },
    "Posted_Date_vod__c": {
      "value": "",
      "display": "",
      "dataType": "date",
      "label": "Posted Date"
    },
    "Account_vod__c": {
      "value": "001VC00000nRfjHYAS",
      "display": "001VC00000nRfjHYAS",
      "dataType": "string",
      "label": "Account"
    },
    "Priority_vod__c": {
      "value": "Urgent_vod",
      "display": "Urgent_vod",
      "dataType": "string",
      "label": "Priority"
    },
    "Reason_vod__c": {
      "value": "Clinton Ackerman has requested a visit, This doctor is an active prescriber of our products and please provide the information related to the upcoming product launch.",
      "display": "Clinton Ackerman has requested a visit, This doctor is an active prescriber of our products and please provide the information related to the upcoming product launch.",
      "dataType": "string",
      "label": "Reason"
    },
    "Dismissed_vod__c": {
      "value": 1,
      "display": 1,
      "dataType": "string",
      "label": "Dismissed"
    },
    "date": {
      "value": "",
      "display": "",
      "dataType": "date",
      "label": "Posted Date"
    }
  },
  {
    "Title_vod__c": {
      "value": "Suggestion Call detail, Arrange call to discuss Nuplazid product This doctor is an active prescriber of our products",
      "display": "Suggestion Call detail, Arrange call to discuss Nuplazid product This doctor is an active prescriber of our products",
      "dataType": "string",
      "label": "Title"
    },
    "Marked_As_Complete_vod__c": {
      "value": 1,
      "display": 1,
      "dataType": "string",
      "label": "Marked As Complete"
    },
    "Id": {
      "value": "a3PVC000000OJpc2AG",
      "display": "a3PVC000000OJpc2AG",
      "dataType": "string",
      "label": "Record ID"
    },
    "Display_Mark_As_Complete_vod__c": {
      "value": 1,
      "display": 1,
      "dataType": "string",
      "label": "Mark as Complete"
    },
    "Display_Dismiss_vod__c": {
      "value": 1,
      "display": 1,
      "dataType": "string",
      "label": "Dismiss"
    },
    "Expiration_Date_vod__c": {
      "value": "2025-10-06T18:30:00.000Z",
      "display": "2025-10-7",
      "dataType": "date",
      "label": "Expiration Date"
    },
    "Posted_Date_vod__c": {
      "value": "",
      "display": "",
      "dataType": "date",
      "label": "Posted Date"
    },
    "Account_vod__c": {
      "value": "001VC00000nRfjHYAS",
      "display": "001VC00000nRfjHYAS",
      "dataType": "string",
      "label": "Account"
    },
    "Priority_vod__c": {
      "value": "Urgent_vod",
      "display": "Urgent_vod",
      "dataType": "string",
      "label": "Priority"
    },
    "Reason_vod__c": {
      "value": "Arrange call to discuss Nuplazid product This doctor is an active prescriber of our products and please provide the information related to the upcoming product launch.",
      "display": "Arrange call to discuss Nuplazid product This doctor is an active prescriber of our products and please provide the information related to the upcoming product launch.",
      "dataType": "string",
      "label": "Reason"
    },
    "Dismissed_vod__c": {
      "value": 1,
      "display": 1,
      "dataType": "string",
      "label": "Dismissed"
    },
    "date": {
      "value": "",
      "display": "",
      "dataType": "date",
      "label": "Posted Date"
    }
  }
]
