[
    {
        "attributes": {
            "value": {
                "type": "UserTerritory2Association",
                "url": "/services/data/v52.0/sobjects/UserTerritory2Association/0R0UY0000000X5d0AE"
            },
            "display": {
                "type": "UserTerritory2Association",
                "url": "/services/data/v52.0/sobjects/UserTerritory2Association/0R0UY0000000X5d0AE"
            },
            "dataType": "string"
        },
        "Id": {
            "value": "0R0UY0000000X5d0AE",
            "display": "0R0UY0000000X5d0AE",
            "dataType": "string",
            "label": "User Territory Association ID"
        },
        "UserId": {
            "value": "005360000035yy0AAA",
            "display": "005360000035yy0AAA",
            "dataType": "string",
            "label": "User ID"
        },
        "Territory2Id": {
            "value": "0MI7V000000kA19WAE",
            "display": "0MI7V000000kA19WAE",
            "dataType": "string",
            "label": "Territory ID"
        },
        "ID": {
            "value": "0R0UY0000000X5d0AE",
            "display": "0R0UY0000000X5d0AE",
            "dataType": "string"
        }
    }
]