[
    {
        "attributes": {
            "value": {
                "type": "User",
                "url": "/services/data/v52.0/sobjects/User/005360000035yy0AAA"
            },
            "display": {
                "type": "User",
                "url": "/services/data/v52.0/sobjects/User/005360000035yy0AAA"
            },
            "dataType": "string"
        },
        "Id": {
            "value": "005360000035yy0AAA",
            "display": "005360000035yy0AAA",
            "dataType": "string",
            "label": "User ID"
        },
        "Profile_Name_vod__c": {
            "value": "REG_Eylea Field Representative_SAMPLE",
            "display": "REG_Eylea Field Representative_SAMPLE",
            "dataType": "string",
            "label": "Profile Name"
        },
        "Country": {
            "value": "US",
            "display": "US",
            "dataType": "string",
            "label": "Country"
        },
        "Name": {
            "value": "SmokeTest 7",
            "display": "SmokeTest 7",
            "dataType": "string",
            "label": "Full Name"
        },
        "ID": {
            "value": "005360000035yy0AAA",
            "display": "005360000035yy0AAA",
            "dataType": "string"
        }
    }
]